-- inserts
INSERT INTO "User" (userID, username, email, password, phoneNumber)
VALUES
('user1', 'john_doe', 'john.doe@example.com', 'password123', '12345678901'),
('user2', 'alice_smith', 'alice.smith@example.com', 'pass456', '23456789012'),
('user3', 'bob_jones', 'bob.jones@example.com', 'securepass', '34567890123'),
('user4', 'emily_davis', 'emily.davis@example.com', 'mypassword', '45678901234'),
('user5', 'chris_miller', 'chris.miller@example.com', 'letmein', '56789012345'),
('user6', 'sarah_wilson', 'sarah.wilson@example.com', 'password567', '67890123456'),
('user7', 'david_smith', 'david.smith@example.com', '123pass', '78901234567'),
('user8', 'olivia_lee', 'olivia.lee@example.com', 'pass789', '89012345678'),
('user9', 'ryan_jackson', 'ryan.jackson@example.com', 'password890', '90123456789'),
('user10', 'emma_anderson', 'emma.anderson@example.com', 'mypass123', '01234567890'),
('user11', 'grace_williams', 'grace.williams@example.com', 'pass321', '98765432101'),
('user12', 'michael_smith', 'michael.smith@example.com', 'secureword', '87654321012'),
('user13', 'lily_jackson', 'lily.jackson@example.com', 'pass7890', '76543210987'),
('user14', 'logan_davis', 'logan.davis@example.com', 'securepass1', '65432109876'),
('user15', 'ella_miller', 'ella.miller@example.com', 'mypassword2', '54321098765'),
('user16', 'noah_wilson', 'noah.wilson@example.com', 'letmein3', '43210987654'),
('user17', 'ava_smith', 'ava.smith@example.com', 'password1234', '32109876543'),
('user18', 'liam_lee', 'liam.lee@example.com', 'pass4567', '21098765432'),
('user19', 'olivia_jackson', 'olivia.jackson@example.com', 'securepass8', '10987654321'),
('user20', 'jackson_anderson', 'jackson.anderson@example.com', 'mypassword9', '09876543210'),
('user21', 'sophie_martin', 'sophie.martin@example.com', 'martinpass', '98765432109'),
('user22', 'ethan_roberts', 'ethan.roberts@example.com', 'robertspass', '87654321098'),
('user23', 'mia_taylor', 'mia.taylor@example.com', 'taylorpass', '76543210987'),
('user24', 'luke_jackson', 'luke.jackson@example.com', 'jacksonpass', '65432109876'),
('user25', 'ava_davis', 'ava.davis@example.com', 'davispass', '54321098765'),
('user26', 'liam_thomas', 'liam.thomas@example.com', 'thomaspass', '43210987654'),
('user27', 'harper_wilson', 'harper.wilson@example.com', 'wilsonpass', '32109876543'),
('user28', 'jack_miller', 'jack.miller@example.com', 'millerpass', '21098765432'),
('user29', 'amelia_anderson', 'amelia.anderson@example.com', 'andersonpass', '10987654321'),
('user30', 'owen_martinez', 'owen.martinez@example.com', 'martinezpass', '09876543210'),
('user31', 'zoey_jones', 'zoey.jones@example.com', 'jonespass', '98765432101'),
('user32', 'nathan_smith', 'nathan.smith@example.com', 'smithpass', '87654321012'),
('user33', 'aubrey_taylor', 'aubrey.taylor@example.com', 'taylorpass1', '76543210987'),
('user34', 'dylan_davis', 'dylan.davis@example.com', 'davispass2', '65432109876'),
('user35', 'luna_miller', 'luna.miller@example.com', 'millerpass3', '54321098765'),
('user36', 'jaxon_wilson', 'jaxon.wilson@example.com', 'wilsonpass4', '43210987654'),
('user37', 'brooklyn_smith', 'brooklyn.smith@example.com', 'smithpass5', '32109876543'),
('user38', 'sebastian_lee', 'sebastian.lee@example.com', 'leepass6', '21098765432'),
('user39', 'stella_jackson', 'stella.jackson@example.com', 'jacksonpass7', '10987654321'),
('user40', 'wyatt_anderson', 'wyatt.anderson@example.com', 'andersonpass8', '09876543210'),
('user41', 'zoey_roberts', 'zoey.roberts@example.com', 'robertspass1', '98765432111'),
('user42', 'nolan_taylor', 'nolan.taylor@example.com', 'taylorpass2', '87654321022'),
('user43', 'olivia_jackson', 'olivia.jackson@example.com', 'jacksonpass3', '76543210933'),
('user44', 'owen_davis', 'owen.davis@example.com', 'davispass4', '65432109844'),
('user45', 'lily_smith', 'lily.smith@example.com', 'smithpass5', '54321098755'),
('user46', 'ethan_martin', 'ethan.martin@example.com', 'martinpass6', '43210987666'),
('user47', 'mia_miller', 'mia.miller@example.com', 'millerpass7', '32109876577'),
('user48', 'jack_wilson', 'jack.wilson@example.com', 'wilsonpass8', '21098765488'),
('user49', 'amelia_anderson', 'amelia.anderson@example.com', 'andersonpass9', '10987654399'),
('user50', 'oliver_martinez', 'oliver.martinez@example.com', 'martinezpass0', '09876543210'),
('user51', 'sophia_jones', 'sophia.jones@example.com', 'jonespass1', '98765432101'),
('user52', 'noah_smith', 'noah.smith@example.com', 'smithpass2', '87654321012'),
('user53', 'luna_taylor', 'luna.taylor@example.com', 'taylorpass3', '76543210923'),
('user54', 'jaxon_davis', 'jaxon.davis@example.com', 'davispass4', '65432109834'),
('user55', 'mia_miller', 'mia.miller@example.com', 'millerpass5', '54321098745'),
('user56', 'liam_wilson', 'liam.wilson@example.com', 'wilsonpass6', '43210987656'),
('user57', 'harper_smith', 'harper.smith@example.com', 'smithpass7', '32109876567'),
('user58', 'sebastian_lee', 'sebastian.lee@example.com', 'leepass8', '21098765478'),
('user59', 'ava_jackson', 'ava.jackson@example.com', 'jacksonpass9', '10987654389'),
('user60', 'ethan_anderson', 'ethan.anderson@example.com', 'andersonpass0', '09876543290'),
('user61', 'mia_roberts', 'mia.roberts@example.com', 'robertspass11', '98765432101'),
('user62', 'liam_taylor', 'liam.taylor@example.com', 'taylorpass22', '87654321012'),
('user63', 'olivia_jackson', 'olivia.jackson@example.com', 'jacksonpass33', '76543210923'),
('user64', 'owen_davis', 'owen.davis@example.com', 'davispass44', '65432109834'),
('user65', 'lily_smith', 'lily.smith@example.com', 'smithpass55', '54321098745'),
('user66', 'ethan_martin', 'ethan.martin@example.com', 'martinpass66', '43210987656'),
('user67', 'mia_miller', 'mia.miller@example.com', 'millerpass77', '32109876567'),
('user68', 'jack_wilson', 'jack.wilson@example.com', 'wilsonpass88', '21098765478'),
('user69', 'amelia_anderson', 'amelia.anderson@example.com', 'andersonpass99', '10987654389'),
('user70', 'oliver_martinez', 'oliver.martinez@example.com', 'martinezpass00', '09876543290'),
('user71', 'olivia_jones', 'olivia.jones@example.com', 'jonespass11', '98765432111'),
('user72', 'ethan_smith', 'ethan.smith@example.com', 'smithpass22', '87654321022'),
('user73', 'lily_taylor', 'lily.taylor@example.com', 'taylorpass33', '76543210933'),
('user74', 'jaxon_jackson', 'jaxon.jackson@example.com', 'jacksonpass44', '65432109844'),
('user75', 'ava_davis', 'ava.davis@example.com', 'davispass55', '54321098755'),
('user76', 'liam_martin', 'liam.martin@example.com', 'martinpass66', '43210987666'),
('user77', 'harper_miller', 'harper.miller@example.com', 'millerpass77', '32109876577'),
('user78', 'jack_wilson', 'jack.wilson@example.com', 'wilsonpass88', '21098765488'),
('user79', 'amelia_anderson', 'amelia.anderson@example.com', 'andersonpass99', '10987654399'),
('user80', 'oliver_martinez', 'oliver.martinez@example.com', 'martinezpass00', '09876543210'),
('user81', 'sophia_jones', 'sophia.jones@example.com', 'jonespass1', '98765432101'),
('user82', 'noah_smith', 'noah.smith@example.com', 'smithpass2', '87654321012'),
('user83', 'luna_taylor', 'luna.taylor@example.com', 'taylorpass3', '76543210923'),
('user84', 'jaxon_davis', 'jaxon.davis@example.com', 'davispass4', '65432109834'),
('user85', 'mia_miller', 'mia.miller@example.com', 'millerpass5', '54321098745'),
('user86', 'liam_wilson', 'liam.wilson@example.com', 'wilsonpass6', '43210987656'),
('user87', 'harper_smith', 'harper.smith@example.com', 'smithpass7', '32109876567'),
('user88', 'sebastian_lee', 'sebastian.lee@example.com', 'leepass8', '21098765478'),
('user89', 'ava_jackson', 'ava.jackson@example.com', 'jacksonpass9', '10987654389'),
('user90', 'ethan_anderson', 'ethan.anderson@example.com', 'andersonpass0', '09876543290'),
('user91', 'mia_roberts', 'mia.roberts@example.com', 'robertspass11', '98765432101'),
('user92', 'liam_taylor', 'liam.taylor@example.com', 'taylorpass22', '87654321012'),
('user93', 'olivia_jackson', 'olivia.jackson@example.com', 'jacksonpass33', '76543210923'),
('user94', 'owen_davis', 'owen.davis@example.com', 'davispass44', '65432109834'),
('user95', 'lily_smith', 'lily.smith@example.com', 'smithpass55', '54321098745'),
('user96', 'ethan_martin', 'ethan.martin@example.com', 'martinpass66', '43210987656'),
('user97', 'mia_miller', 'mia.miller@example.com', 'millerpass77', '32109876567'),
('user98', 'jack_wilson', 'jack.wilson@example.com', 'wilsonpass88', '21098765478'),
('user99', 'amelia_anderson', 'amelia.anderson@example.com', 'andersonpass99', '10987654389'),
('user100', 'oliver_martinez', 'oliver.martinez@example.com', 'martinezpass00', '09876543290');

INSERT INTO UserProfile (userID, firstName, lastName, bio, profilePictureUrl)
VALUES
('user1', 'John', 'Doe', 'Hello, I am John Doe!', 'john_doe_profile_picture.jpg'),
('user2', 'Alice', 'Smith', 'Hi, I am Alice Smith!', 'alice_smith_profile_picture.jpg'),
('user3', 'Bob', 'Jones', 'Greetings! I am Bob Jones.', 'bob_jones_profile_picture.jpg'),
('user4', 'Emily', 'Davis', 'I am Emily Davis. Nice to meet you!', 'emily_davis_profile_picture.jpg'),
('user5', 'Chris', 'Miller', 'Hello, I am Chris Miller!', 'chris_miller_profile_picture.jpg'),
('user6', 'Sarah', 'Wilson', 'Greetings from Sarah Wilson!', 'sarah_wilson_profile_picture.jpg'),
('user7', 'David', 'Smith', 'Hi, I am David Smith. Nice to meet you!', 'david_smith_profile_picture.jpg'),
('user8', 'Olivia', 'Lee', 'Hello, I am Olivia Lee!', 'olivia_lee_profile_picture.jpg'),
('user9', 'Ryan', 'Jackson', 'I am Ryan Jackson. Nice to meet you!', 'ryan_jackson_profile_picture.jpg'),
('user10', 'Emma', 'Anderson', 'Hello, I am Emma Anderson!', 'emma_anderson_profile_picture.jpg'),
('user11', 'Grace', 'Williams', 'Greetings! I am Grace Williams.', 'grace_williams_profile_picture.jpg'),
('user12', 'Michael', 'Smith', 'Hi, I am Michael Smith. Nice to meet you!', 'michael_smith_profile_picture.jpg'),
('user13', 'Lily', 'Jackson', 'Hello, I am Lily Jackson!', 'lily_jackson_profile_picture.jpg'),
('user14', 'Logan', 'Davis', 'Greetings from Logan Davis!', 'logan_davis_profile_picture.jpg'),
('user15', 'Ella', 'Miller', 'Hi, I am Ella Miller. Nice to meet you!', 'ella_miller_profile_picture.jpg'),
('user16', 'Noah', 'Wilson', 'Hello, I am Noah Wilson!', 'noah_wilson_profile_picture.jpg'),
('user17', 'Ava', 'Smith', 'Greetings! I am Ava Smith.', 'ava_smith_profile_picture.jpg'),
('user18', 'Liam', 'Lee', 'Hi, I am Liam Lee. Nice to meet you!', 'liam_lee_profile_picture.jpg'),
('user19', 'Olivia', 'Jackson', 'Hello, I am Olivia Jackson!', 'olivia_jackson_profile_picture.jpg'),
('user20', 'Jackson', 'Anderson', 'Greetings from Jackson Anderson!', 'jackson_anderson_profile_picture.jpg'),
('user21', 'Sophie', 'Martin', 'Hi, I am Sophie Martin. Nice to meet you!', 'sophie_martin_profile_picture.jpg'),
('user22', 'Ethan', 'Roberts', 'Hello, I am Ethan Roberts!', 'ethan_roberts_profile_picture.jpg'),
('user23', 'Mia', 'Taylor', 'Greetings! I am Mia Taylor.', 'mia_taylor_profile_picture.jpg'),
('user24', 'Luke', 'Jackson', 'Hi, I am Luke Jackson. Nice to meet you!', 'luke_jackson_profile_picture.jpg'),
('user25', 'Ava', 'Davis', 'Hello, I am Ava Davis!', 'ava_davis_profile_picture.jpg'),
('user26', 'Liam', 'Thomas', 'Greetings from Liam Thomas!', 'liam_thomas_profile_picture.jpg'),
('user27', 'Harper', 'Wilson', 'Hi, I am Harper Wilson. Nice to meet you!', 'harper_wilson_profile_picture.jpg'),
('user28', 'Jack', 'Miller', 'Hello, I am Jack Miller!', 'jack_miller_profile_picture.jpg'),
('user29', 'Amelia', 'Anderson', 'Greetings! I am Amelia Anderson.', 'amelia_anderson_profile_picture.jpg'),
('user30', 'Owen', 'Martinez', 'Hi, I am Owen Martinez. Nice to meet you!', 'owen_martinez_profile_picture.jpg'),
('user31', 'Zoey', 'Jones', 'Hello, I am Zoey Jones!', 'zoey_jones_profile_picture.jpg'),
('user32', 'Nathan', 'Smith', 'Hi, I am Nathan Smith!', 'nathan_smith_profile_picture.jpg'),
('user33', 'Aubrey', 'Taylor', 'Greetings! I am Aubrey Taylor.', 'aubrey_taylor_profile_picture.jpg'),
('user34', 'Dylan', 'Davis', 'I am Dylan Davis. Nice to meet you!', 'dylan_davis_profile_picture.jpg'),
('user35', 'Luna', 'Miller', 'Hello, I am Luna Miller!', 'luna_miller_profile_picture.jpg'),
('user36', 'Jaxon', 'Wilson', 'Greetings from Jaxon Wilson!', 'jaxon_wilson_profile_picture.jpg'),
('user37', 'Brooklyn', 'Smith', 'Hi, I am Brooklyn Smith. Nice to meet you!', 'brooklyn_smith_profile_picture.jpg'),
('user38', 'Sebastian', 'Lee', 'Hello, I am Sebastian Lee!', 'sebastian_lee_profile_picture.jpg'),
('user39', 'Stella', 'Jackson', 'I am Stella Jackson. Nice to meet you!', 'stella_jackson_profile_picture.jpg'),
('user40', 'Wyatt', 'Anderson', 'Hello, I am Wyatt Anderson!', 'wyatt_anderson_profile_picture.jpg'),
('user41', 'Zoey', 'Roberts', 'Greetings! I am Zoey Roberts.', 'zoey_roberts_profile_picture.jpg'),
('user42', 'Nolan', 'Taylor', 'Hi, I am Nolan Taylor. Nice to meet you!', 'nolan_taylor_profile_picture.jpg'),
('user43', 'Olivia', 'Jackson', 'Hello, I am Olivia Jackson!', 'olivia_jackson_profile_picture.jpg'),
('user44', 'Owen', 'Davis', 'Greetings from Owen Davis!', 'owen_davis_profile_picture.jpg'),
('user45', 'Lily', 'Smith', 'Hi, I am Lily Smith. Nice to meet you!', 'lily_smith_profile_picture.jpg'),
('user46', 'Ethan', 'Martin', 'Hello, I am Ethan Martin!', 'ethan_martin_profile_picture.jpg'),
('user47', 'Mia', 'Miller', 'Greetings! I am Mia Miller.', 'mia_miller_profile_picture.jpg'),
('user48', 'Jack', 'Wilson', 'Hi, I am Jack Wilson. Nice to meet you!', 'jack_wilson_profile_picture.jpg'),
('user49', 'Amelia', 'Anderson', 'Hello, I am Amelia Anderson!', 'amelia_anderson_profile_picture.jpg'),
('user50', 'Oliver', 'Martinez', 'Greetings from Oliver Martinez!', 'oliver_martinez_profile_picture.jpg'),
('user51', 'Sophia', 'Jones', 'Hi, I am Sophia Jones. Nice to meet you!', 'sophia_jones_profile_picture.jpg'),
('user52', 'Noah', 'Smith', 'Hello, I am Noah Smith!', 'noah_smith_profile_picture.jpg'),
('user53', 'Luna', 'Taylor', 'Greetings! I am Luna Taylor.', 'luna_taylor_profile_picture.jpg'),
('user54', 'Jaxon', 'Davis', 'Hi, I am Jaxon Davis. Nice to meet you!', 'jaxon_davis_profile_picture.jpg'),
('user55', 'Mia', 'Miller', 'Hello, I am Mia Miller!', 'mia_miller_profile_picture.jpg'),
('user56', 'Liam', 'Wilson', 'Greetings from Liam Wilson!', 'liam_wilson_profile_picture.jpg'),
('user57', 'Harper', 'Smith', 'Hi, I am Harper Smith. Nice to meet you!', 'harper_smith_profile_picture.jpg'),
('user58', 'Sebastian', 'Lee', 'Hello, I am Sebastian Lee!', 'sebastian_lee_profile_picture.jpg'),
('user59', 'Ava', 'Jackson', 'I am Ava Jackson. Nice to meet you!', 'ava_jackson_profile_picture.jpg'),
('user60', 'Ethan', 'Anderson', 'Greetings from Ethan Anderson!', 'ethan_anderson_profile_picture.jpg'),
('user61', 'Mia', 'Roberts', 'Hello, I am Mia Roberts!', 'mia_roberts_profile_picture.jpg'),
('user62', 'Liam', 'Taylor', 'Hi, I am Liam Taylor. Nice to meet you!', 'liam_taylor_profile_picture.jpg'),
('user63', 'Olivia', 'Jackson', 'Greetings! I am Olivia Jackson.', 'olivia_jackson_profile_picture.jpg'),
('user64', 'Owen', 'Davis', 'Hello, I am Owen Davis!', 'owen_davis_profile_picture.jpg'),
('user65', 'Lily', 'Smith', 'Hi, I am Lily Smith. Nice to meet you!', 'lily_smith_profile_picture.jpg'),
('user66', 'Ethan', 'Martin', 'Greetings from Ethan Martin!', 'ethan_martin_profile_picture.jpg'),
('user67', 'Mia', 'Miller', 'Hello, I am Mia Miller!', 'mia_miller_profile_picture.jpg'),
('user68', 'Jack', 'Wilson', 'Hi, I am Jack Wilson. Nice to meet you!', 'jack_wilson_profile_picture.jpg'),
('user69', 'Amelia', 'Anderson', 'Greetings! I am Amelia Anderson.', 'amelia_anderson_profile_picture.jpg'),
('user70', 'Oliver', 'Martinez', 'Hello, I am Oliver Martinez!', 'oliver_martinez_profile_picture.jpg'),
('user71', 'Olivia', 'Jones', 'Hi, I am Olivia Jones. Nice to meet you!', 'olivia_jones_profile_picture.jpg'),
('user72', 'Ethan', 'Smith', 'Greetings from Ethan Smith!', 'ethan_smith_profile_picture.jpg'),
('user73', 'Lily', 'Taylor', 'Hello, I am Lily Taylor!', 'lily_taylor_profile_picture.jpg'),
('user74', 'Jaxon', 'Jackson', 'Hi, I am Jaxon Jackson. Nice to meet you!', 'jaxon_jackson_profile_picture.jpg'),
('user75', 'Ava', 'Davis', 'Greetings from Ava Davis!', 'ava_davis_profile_picture.jpg'),
('user76', 'Liam', 'Martin', 'Hello, I am Liam Martin!', 'liam_martin_profile_picture.jpg'),
('user77', 'Harper', 'Miller', 'Hi, I am Harper Miller. Nice to meet you!', 'harper_miller_profile_picture.jpg'),
('user78', 'Jack', 'Wilson', 'Greetings from Jack Wilson!', 'jack_wilson_profile_picture.jpg'),
('user79', 'Amelia', 'Anderson', 'Hello, I am Amelia Anderson!', 'amelia_anderson_profile_picture.jpg'),
('user80', 'Oliver', 'Martinez', 'Hi, I am Oliver Martinez. Nice to meet you!', 'oliver_martinez_profile_picture.jpg'),
('user81', 'Sophia', 'Jones', 'Greetings! I am Sophia Jones.', 'sophia_jones_profile_picture.jpg'),
('user82', 'Noah', 'Smith', 'Hello, I am Noah Smith!', 'noah_smith_profile_picture.jpg'),
('user83', 'Luna', 'Taylor', 'Hi, I am Luna Taylor. Nice to meet you!', 'luna_taylor_profile_picture.jpg'),
('user84', 'Jaxon', 'Davis', 'Greetings from Jaxon Davis!', 'jaxon_davis_profile_picture.jpg'),
('user85', 'Mia', 'Miller', 'Hello, I am Mia Miller!', 'mia_miller_profile_picture.jpg'),
('user86', 'Liam', 'Wilson', 'Hi, I am Liam Wilson. Nice to meet you!', 'liam_wilson_profile_picture.jpg'),
('user87', 'Harper', 'Smith', 'Greetings from Harper Smith!', 'harper_smith_profile_picture.jpg'),
('user88', 'Sebastian', 'Lee', 'Hello, I am Sebastian Lee!', 'sebastian_lee_profile_picture.jpg'),
('user89', 'Ava', 'Jackson', 'Hi, I am Ava Jackson. Nice to meet you!', 'ava_jackson_profile_picture.jpg'),
('user90', 'Ethan', 'Anderson', 'Greetings from Ethan Anderson!', 'ethan_anderson_profile_picture.jpg'),
('user91', 'Mia', 'Roberts', 'Hello, I am Mia Roberts!', 'mia_roberts_profile_picture.jpg'),
('user92', 'Liam', 'Taylor', 'Hi, I am Liam Taylor. Nice to meet you!', 'liam_taylor_profile_picture.jpg'),
('user93', 'Olivia', 'Jackson', 'Greetings! I am Olivia Jackson.', 'olivia_jackson_profile_picture.jpg'),
('user94', 'Owen', 'Davis', 'Hello, I am Owen Davis!', 'owen_davis_profile_picture.jpg'),
('user95', 'Lily', 'Smith', 'Hi, I am Lily Smith. Nice to meet you!', 'lily_smith_profile_picture.jpg'),
('user96', 'Ethan', 'Martin', 'Greetings from Ethan Martin!', 'ethan_martin_profile_picture.jpg'),
('user97', 'Mia', 'Miller', 'Hello, I am Mia Miller!', 'mia_miller_profile_picture.jpg'),
('user98', 'Jack', 'Wilson', 'Hi, I am Jack Wilson. Nice to meet you!', 'jack_wilson_profile_picture.jpg'),
('user99', 'Amelia', 'Anderson', 'Greetings! I am Amelia Anderson.', 'amelia_anderson_profile_picture.jpg'),
('user100', 'Oliver', 'Martinez', 'Hello, I am Oliver Martinez!', 'oliver_martinez_profile_picture.jpg');

INSERT INTO Post (postID, creatorUserID, caption, createTime, mediaUrl)
VALUES
('post1', 'user1', 'Enjoying a peaceful day!', '2024-01-15 08:30:00', 'post1_media.jpg'),
('post2', 'user2', 'Exploring new horizons!', '2024-01-15 09:15:00', 'post2_media.jpg'),
('post3', 'user3', 'Coding vibes!', '2024-01-15 10:00:00', 'post3_media.jpg'),
('post4', 'user4', 'Chasing dreams!', '2024-01-15 11:45:00', 'post4_media.jpg'),
('post5', 'user5', 'Creating magic with code!', '2024-01-15 12:30:00', 'post5_media.jpg'),
('post6', 'user6', 'Weekend adventures!', '2024-01-15 13:15:00', 'post6_media.jpg'),
('post7', 'user7', 'In the zone!', '2024-01-15 14:00:00', 'post7_media.jpg'),
('post8', 'user8', 'Artistic endeavors!', '2024-01-15 14:45:00', 'post8_media.jpg'),
('post9', 'user9', 'Nature retreat!', '2024-01-15 15:30:00', 'post9_media.jpg'),
('post10', 'user10', 'Quiet moments!', '2024-01-15 16:15:00', 'post10_media.jpg'),
('post11', 'user11', 'Sunset views!', '2024-01-15 17:00:00', 'post11_media.jpg'),
('post12', 'user12', 'Serene landscapes!', '2024-01-15 17:45:00', 'post12_media.jpg'),
('post13', 'user13', 'City lights!', '2024-01-15 18:30:00', 'post13_media.jpg'),
('post14', 'user14', 'Urban explorations!', '2024-01-15 19:15:00', 'post14_media.jpg'),
('post15', 'user15', 'Architectural wonders!', '2024-01-15 20:00:00', 'post15_media.jpg'),
('post16', 'user16', 'Starry nights!', '2024-01-15 20:45:00', 'post16_media.jpg'),
('post17', 'user17', 'Adventurous spirit!', '2024-01-15 21:30:00', 'post17_media.jpg'),
('post18', 'user18', 'Exploring the unknown!', '2024-01-15 22:15:00', 'post18_media.jpg'),
('post19', 'user19', 'Tech innovations!', '2024-01-15 23:00:00', 'post19_media.jpg'),
('post20', 'user20', 'Late-night coding!', '2024-01-15 23:45:00', 'post20_media.jpg'),
('post21', 'user21', 'Artistic expressions!', '2024-01-16 00:30:00', 'post21_media.jpg'),
('post22', 'user22', 'Morning tranquility!', '2024-01-16 01:15:00', 'post22_media.jpg'),
('post23', 'user23', 'Coffee and code!', '2024-01-16 02:00:00', 'post23_media.jpg'),
('post24', 'user24', 'Nighttime reflections!', '2024-01-16 02:45:00', 'post24_media.jpg'),
('post25', 'user25', 'Sunrise serenity!', '2024-01-16 03:30:00', 'post25_media.jpg'),
('post26', 'user26', 'Exploring the digital realm!', '2024-01-16 04:15:00', 'post26_media.jpg'),
('post27', 'user27', 'Coding with a view!', '2024-01-16 05:00:00', 'post27_media.jpg'),
('post28', 'user28', 'Aesthetic delights!', '2024-01-16 05:45:00', 'post28_media.jpg'),
('post29', 'user29', 'Sunny afternoons!', '2024-01-16 06:30:00', 'post29_media.jpg'),
('post30', 'user30', 'Nighttime coding!', '2024-01-16 07:15:00', 'post30_media.jpg'),
('post31', 'user31', 'Sunset reflections!', '2024-01-16 08:30:00', 'post31_media.jpg'),
('post32', 'user32', 'Mountain adventures!', '2024-01-16 09:15:00', 'post32_media.jpg'),
('post33', 'user33', 'Tech breakthroughs!', '2024-01-16 10:00:00', 'post33_media.jpg'),
('post34', 'user34', 'Cityscape vibes!', '2024-01-16 11:45:00', 'post34_media.jpg'),
('post35', 'user35', 'Creative coding!', '2024-01-16 12:30:00', 'post35_media.jpg'),
('post36', 'user36', 'Exploring the wilderness!', '2024-01-16 13:15:00', 'post36_media.jpg'),
('post37', 'user37', 'Coffee shop coding!', '2024-01-16 14:00:00', 'post37_media.jpg'),
('post38', 'user38', 'Abstract art creation!', '2024-01-16 14:45:00', 'post38_media.jpg'),
('post39', 'user39', 'Beachside relaxation!', '2024-01-16 15:30:00', 'post39_media.jpg'),
('post40', 'user40', 'Admiring architecture!', '2024-01-16 16:15:00', 'post40_media.jpg'),
('post41', 'user41', 'Morning coding routine!', '2024-01-16 17:00:00', 'post41_media.jpg'),
('post42', 'user42', 'Epic coding sessions!', '2024-01-16 17:45:00', 'post42_media.jpg'),
('post43', 'user43', 'Sunset over the city!', '2024-01-16 18:30:00', 'post43_media.jpg'),
('post44', 'user44', 'Nature and coding!', '2024-01-16 19:15:00', 'post44_media.jpg'),
('post45', 'user45', 'Architectural marvels!', '2024-01-16 20:00:00', 'post45_media.jpg'),
('post46', 'user46', 'Starry night coding!', '2024-01-16 20:45:00', 'post46_media.jpg'),
('post47', 'user47', 'Into the unknown!', '2024-01-16 21:30:00', 'post47_media.jpg'),
('post48', 'user48', 'Urban jungle exploration!', '2024-01-16 22:15:00', 'post48_media.jpg'),
('post49', 'user49', 'Innovations in tech!', '2024-01-16 23:00:00', 'post49_media.jpg'),
('post50', 'user50', 'Late-night coding ideas!', '2024-01-16 23:45:00', 'post50_media.jpg'),
('post51', 'user51', 'Artistic inspirations!', '2024-01-17 00:30:00', 'post51_media.jpg'),
('post52', 'user52', 'Morning calmness!', '2024-01-17 01:15:00', 'post52_media.jpg'),
('post53', 'user53', 'Coding fuel: Coffee!', '2024-01-17 02:00:00', 'post53_media.jpg'),
('post54', 'user54', 'Nighttime musings!', '2024-01-17 02:45:00', 'post54_media.jpg'),
('post55', 'user55', 'Sunrise coding!', '2024-01-17 03:30:00', 'post55_media.jpg'),
('post56', 'user56', 'Digital art wonders!', '2024-01-17 04:15:00', 'post56_media.jpg'),
('post57', 'user57', 'Coding with a view!', '2024-01-17 05:00:00', 'post57_media.jpg'),
('post58', 'user58', 'Aesthetic coding!', '2024-01-17 05:45:00', 'post58_media.jpg'),
('post59', 'user59', 'Sunlit afternoons!', '2024-01-17 06:30:00', 'post59_media.jpg'),
('post60', 'user60', 'Midnight coding!', '2024-01-17 07:15:00', 'post60_media.jpg'),
('post61', 'user61', 'Serene mountain retreat!', '2024-01-17 08:30:00', 'post61_media.jpg'),
('post62', 'user62', 'Building the future!', '2024-01-17 09:15:00', 'post62_media.jpg'),
('post63', 'user63', 'Colors of the sky!', '2024-01-17 10:00:00', 'post63_media.jpg'),
('post64', 'user64', 'City lights at dusk!', '2024-01-17 11:45:00', 'post64_media.jpg'),
('post65', 'user65', 'Coding breakthroughs!', '2024-01-17 12:30:00', 'post65_media.jpg'),
('post66', 'user66', 'Jungle adventure!', '2024-01-17 13:15:00', 'post66_media.jpg'),
('post67', 'user67', 'Artistic coffee moments!', '2024-01-17 14:00:00', 'post67_media.jpg'),
('post68', 'user68', 'Abstract expressions!', '2024-01-17 14:45:00', 'post68_media.jpg'),
('post69', 'user69', 'Sunset by the sea!', '2024-01-17 15:30:00', 'post69_media.jpg'),
('post70', 'user70', 'Architectural wonders!', '2024-01-17 16:15:00', 'post70_media.jpg'),
('post71', 'user71', 'Coding in the rain!', '2024-01-17 17:00:00', 'post71_media.jpg'),
('post72', 'user72', 'Virtual reality coding!', '2024-01-17 17:45:00', 'post72_media.jpg'),
('post73', 'user73', 'Golden hour reflections!', '2024-01-17 18:30:00', 'post73_media.jpg'),
('post74', 'user74', 'Tech and nature fusion!', '2024-01-17 19:15:00', 'post74_media.jpg'),
('post75', 'user75', 'Skyline perspectives!', '2024-01-17 20:00:00', 'post75_media.jpg'),
('post76', 'user76', 'Coding under the stars!', '2024-01-17 20:45:00', 'post76_media.jpg'),
('post77', 'user77', 'Exploring the cosmos!', '2024-01-17 21:30:00', 'post77_media.jpg'),
('post78', 'user78', 'Nightlife in the city!', '2024-01-17 22:15:00', 'post78_media.jpg'),
('post79', 'user79', 'Innovative tech solutions!', '2024-01-17 23:00:00', 'post79_media.jpg'),
('post80', 'user80', 'Late-night coding insights!', '2024-01-17 23:45:00', 'post80_media.jpg'),
('post81', 'user81', 'Abstract artistry!', '2024-01-18 00:30:00', 'post81_media.jpg'),
('post82', 'user82', 'Morning reflections!', '2024-01-18 01:15:00', 'post82_media.jpg'),
('post83', 'user83', 'Coding essentials: Coffee!', '2024-01-18 02:00:00', 'post83_media.jpg'),
('post84', 'user84', 'Midnight musings!', '2024-01-18 02:45:00', 'post84_media.jpg'),
('post85', 'user85', 'Sunset coding session!', '2024-01-18 03:30:00', 'post85_media.jpg'),
('post86', 'user86', 'Digital masterpiece!', '2024-01-18 04:15:00', 'post86_media.jpg'),
('post87', 'user87', 'Coding with a breeze!', '2024-01-18 05:00:00', 'post87_media.jpg'),
('post88', 'user88', 'Aesthetic coding environment!', '2024-01-18 05:45:00', 'post88_media.jpg'),
('post89', 'user89', 'Morning sunbeam!', '2024-01-18 06:30:00', 'post89_media.jpg'),
('post90', 'user90', 'Late-night coding vibes!', '2024-01-18 07:15:00', 'post90_media.jpg'),
('post91', 'user91', 'Adventures in the wilderness!', '2024-01-19 08:30:00', 'post91_media.jpg'),
('post92', 'user92', 'Sunset silhouette!', '2024-01-19 09:15:00', 'post92_media.jpg'),
('post93', 'user93', 'Architectural elegance!', '2024-01-19 10:00:00', 'post93_media.jpg'),
('post94', 'user94', 'Cityscape reflections!', '2024-01-19 11:45:00', 'post94_media.jpg'),
('post95', 'user95', 'Artistic coffee moments!', '2024-01-19 12:30:00', 'post95_media.jpg'),
('post96', 'user96', 'Jungle serenity!', '2024-01-19 13:15:00', 'post96_media.jpg'),
('post97', 'user97', 'Abstract expressions!', '2024-01-19 14:00:00', 'post97_media.jpg'),
('post98', 'user98', 'Sunrise over the mountains!', '2024-01-19 14:45:00', 'post98_media.jpg'),
('post99', 'user99', 'Beach sunset!', '2024-01-19 15:30:00', 'post99_media.jpg'),
('post100', 'user100', 'Exploring ancient ruins!', '2024-01-19 16:15:00', 'post100_media.jpg'),
('post101', 'user1', 'Coding with a view!', '2024-01-19 17:00:00', 'post101_media.jpg'),
('post102', 'user2', 'Virtual reality adventure!', '2024-01-19 17:45:00', 'post102_media.jpg'),
('post103', 'user3', 'Mountain retreat coding!', '2024-01-19 18:30:00', 'post103_media.jpg'),
('post104', 'user4', 'Tech and nature fusion!', '2024-01-19 19:15:00', 'post104_media.jpg'),
('post105', 'user5', 'Skyline perspectives!', '2024-01-19 20:00:00', 'post105_media.jpg'),
('post106', 'user6', 'Coding under the stars!', '2024-01-19 20:45:00', 'post106_media.jpg'),
('post107', 'user7', 'Exploring the cosmos!', '2024-01-19 21:30:00', 'post107_media.jpg'),
('post108', 'user8', 'Nightlife in the city!', '2024-01-19 22:15:00', 'post108_media.jpg'),
('post109', 'user9', 'Innovative tech solutions!', '2024-01-19 23:00:00', 'post109_media.jpg'),
('post110', 'user10', 'Late-night coding insights!', '2024-01-19 23:45:00', 'post110_media.jpg'),
('post111', 'user11', 'Abstract artistry!', '2024-01-20 00:30:00', 'post111_media.jpg'),
('post112', 'user12', 'Morning reflections!', '2024-01-20 01:15:00', 'post112_media.jpg'),
('post113', 'user13', 'Coding essentials: Coffee!', '2024-01-20 02:00:00', 'post113_media.jpg'),
('post114', 'user14', 'Midnight musings!', '2024-01-20 02:45:00', 'post114_media.jpg'),
('post115', 'user15', 'Sunset coding session!', '2024-01-20 03:30:00', 'post115_media.jpg'),
('post116', 'user16', 'Digital masterpiece!', '2024-01-20 04:15:00', 'post116_media.jpg'),
('post117', 'user17', 'Coding with a breeze!', '2024-01-20 05:00:00', 'post117_media.jpg'),
('post118', 'user18', 'Aesthetic coding environment!', '2024-01-20 05:45:00', 'post118_media.jpg'),
('post119', 'user19', 'Morning sunbeam!', '2024-01-20 06:30:00', 'post119_media.jpg'),
('post120', 'user20', 'Late-night coding vibes!', '2024-01-20 07:15:00', 'post120_media.jpg'),
('post121', 'user21', 'Morning coffee rituals!', '2024-01-20 08:00:00', 'post121_media.jpg'),
('post122', 'user22', 'City lights extravaganza!', '2024-01-20 08:45:00', 'post122_media.jpg'),
('post123', 'user23', 'Coding with a skyline view!', '2024-01-20 09:30:00', 'post123_media.jpg'),
('post124', 'user24', 'Tech innovations discussion!', '2024-01-20 10:15:00', 'post124_media.jpg'),
('post125', 'user25', 'In the heart of nature!', '2024-01-20 11:00:00', 'post125_media.jpg'),
('post126', 'user26', 'Code and creativity fusion!', '2024-01-20 11:45:00', 'post126_media.jpg'),
('post127', 'user27', 'Dusk coding vibes!', '2024-01-20 12:30:00', 'post127_media.jpg'),
('post128', 'user28', 'Artistic code expressions!', '2024-01-20 13:15:00', 'post128_media.jpg'),
('post129', 'user29', 'Innovation in progress!', '2024-01-20 14:00:00', 'post129_media.jpg'),
('post130', 'user30', 'Behind the scenes of development!', '2024-01-20 14:45:00', 'post130_media.jpg'),
('post131', 'user31', 'Tech talk by the lake!', '2024-01-20 15:30:00', 'post131_media.jpg'),
('post132', 'user32', 'Coding in virtual reality!', '2024-01-20 16:15:00', 'post132_media.jpg'),
('post133', 'user33', 'Mountain coding retreat!', '2024-01-20 17:00:00', 'post133_media.jpg'),
('post134', 'user34', 'Tech meets architecture!', '2024-01-20 17:45:00', 'post134_media.jpg'),
('post135', 'user35', 'Above the city lights!', '2024-01-20 18:30:00', 'post135_media.jpg'),
('post136', 'user36', 'Starry coding night!', '2024-01-20 19:15:00', 'post136_media.jpg'),
('post137', 'user37', 'Coding by the river!', '2024-01-20 20:00:00', 'post137_media.jpg'),
('post138', 'user38', 'Cityscape coding aesthetics!', '2024-01-20 20:45:00', 'post138_media.jpg'),
('post139', 'user39', 'Sunset coding reflections!', '2024-01-20 21:30:00', 'post139_media.jpg'),
('post140', 'user40', 'Innovation at twilight!', '2024-01-20 22:15:00', 'post140_media.jpg'),
('post141', 'user41', 'Abstract coding art!', '2024-01-20 23:00:00', 'post141_media.jpg'),
('post142', 'user42', 'Morning coding breeze!', '2024-01-20 23:45:00', 'post142_media.jpg'),
('post143', 'user43', 'Coffee-fueled coding session!', '2024-01-21 00:30:00', 'post143_media.jpg'),
('post144', 'user44', 'Midnight coding musings!', '2024-01-21 01:15:00', 'post144_media.jpg'),
('post145', 'user45', 'Sunset coding inspiration!', '2024-01-21 02:00:00', 'post145_media.jpg'),
('post146', 'user46', 'Digital masterpiece creation!', '2024-01-21 02:45:00', 'post146_media.jpg'),
('post147', 'user47', 'Coding with city lights!', '2024-01-21 03:30:00', 'post147_media.jpg'),
('post148', 'user48', 'Late-night coding journey!', '2024-01-21 04:15:00', 'post148_media.jpg'),
('post149', 'user49', 'Coding with morning serenity!', '2024-01-21 05:00:00', 'post149_media.jpg'),
('post150', 'user50', 'Tech exploration at dawn!', '2024-01-21 05:45:00', 'post150_media.jpg'),
('post151', 'user51', 'Coding under the moonlight!', '2024-01-21 06:30:00', 'post151_media.jpg'),
('post152', 'user52', 'Virtual reality coding journey!', '2024-01-21 07:15:00', 'post152_media.jpg'),
('post153', 'user53', 'Algorithmic wonders!', '2024-01-21 08:00:00', 'post153_media.jpg'),
('post154', 'user54', 'Tech and nature fusion!', '2024-01-21 08:45:00', 'post154_media.jpg'),
('post155', 'user55', 'Code in the garden!', '2024-01-21 09:30:00', 'post155_media.jpg'),
('post156', 'user56', 'Sunrise coding reflections!', '2024-01-21 10:15:00', 'post156_media.jpg'),
('post157', 'user57', 'Coding with a mountain view!', '2024-01-21 11:00:00', 'post157_media.jpg'),
('post158', 'user58', 'Tech innovation in the clouds!', '2024-01-21 11:45:00', 'post158_media.jpg'),
('post159', 'user59', 'Code meets the ocean!', '2024-01-21 12:30:00', 'post159_media.jpg'),
('post160', 'user60', 'In the heart of the forest!', '2024-01-21 13:15:00', 'post160_media.jpg'),
('post161', 'user61', 'Coding with a cityscape!', '2024-01-21 14:00:00', 'post161_media.jpg'),
('post162', 'user62', 'Diving into code!', '2024-01-21 14:45:00', 'post162_media.jpg'),
('post163', 'user63', 'Tech talk by the fire!', '2024-01-21 15:30:00', 'post163_media.jpg'),
('post164', 'user64', 'Coding on the rooftop!', '2024-01-21 16:15:00', 'post164_media.jpg'),
('post165', 'user65', 'Coding with a desert view!', '2024-01-21 17:00:00', 'post165_media.jpg'),
('post166', 'user66', 'Tech and the aurora borealis!', '2024-01-21 17:45:00', 'post166_media.jpg'),
('post167', 'user67', 'Coding in a futuristic setting!', '2024-01-21 18:30:00', 'post167_media.jpg'),
('post168', 'user68', 'City lights and code!', '2024-01-21 19:15:00', 'post168_media.jpg'),
('post169', 'user69', 'Code on a snowy day!', '2024-01-21 20:00:00', 'post169_media.jpg'),
('post170', 'user70', 'Innovative coding space!', '2024-01-21 20:45:00', 'post170_media.jpg'),
('post171', 'user71', 'Tech and the northern lights!', '2024-01-21 21:30:00', 'post171_media.jpg'),
('post172', 'user72', 'Coding with a beach sunset!', '2024-01-21 22:15:00', 'post172_media.jpg'),
('post173', 'user73', 'Moonlit coding session!', '2024-01-21 23:00:00', 'post173_media.jpg'),
('post174', 'user74', 'Tech discussion in the park!', '2024-01-21 23:45:00', 'post174_media.jpg'),
('post175', 'user75', 'Nighttime coding vibes!', '2024-01-22 00:30:00', 'post175_media.jpg'),
('post176', 'user76', 'Code and the starry sky!', '2024-01-22 01:15:00', 'post176_media.jpg'),
('post177', 'user77', 'Coding under the rainbow!', '2024-01-22 02:00:00', 'post177_media.jpg'),
('post178', 'user78', 'Tech exploration by the lake!', '2024-01-22 02:45:00', 'post178_media.jpg'),
('post179', 'user79', 'Innovation at dawn!', '2024-01-22 03:30:00', 'post179_media.jpg'),
('post180', 'user80', 'Sunset coding revelations!', '2024-01-22 04:15:00', 'post180_media.jpg'),
('post181', 'user81', 'Coding in the urban jungle!', '2024-01-22 05:00:00', 'post181_media.jpg'),
('post182', 'user82', 'Tech and skyscraper views!', '2024-01-22 05:45:00', 'post182_media.jpg'),
('post183', 'user83', 'Code with a river backdrop!', '2024-01-22 06:30:00', 'post183_media.jpg'),
('post184', 'user84', 'Innovative coding on a bridge!', '2024-01-22 07:15:00', 'post184_media.jpg'),
('post185', 'user85', 'Coding in the heart of the city!', '2024-01-22 08:00:00', 'post185_media.jpg'),
('post186', 'user86', 'Sunrise coding on the rooftop!', '2024-01-22 08:45:00', 'post186_media.jpg'),
('post187', 'user87', 'Tech and the bustling streets!', '2024-01-22 09:30:00', 'post187_media.jpg'),
('post188', 'user88', 'Code in the modern workspace!', '2024-01-22 10:15:00', 'post188_media.jpg'),
('post189', 'user89', 'Coding with a fountain view!', '2024-01-22 11:00:00', 'post189_media.jpg'),
('post190', 'user90', 'In the midst of a coding event!', '2024-01-22 11:45:00', 'post190_media.jpg'),
('post191', 'user91', 'Code and the neon lights!', '2024-01-22 12:30:00', 'post191_media.jpg'),
('post192', 'user92', 'Tech talk by the modern architecture!', '2024-01-22 13:15:00', 'post192_media.jpg'),
('post193', 'user93', 'Coding with a city park backdrop!', '2024-01-22 14:00:00', 'post193_media.jpg'),
('post194', 'user94', 'Innovation in the co-working space!', '2024-01-22 14:45:00', 'post194_media.jpg'),
('post195', 'user95', 'Coding on the city rooftop garden!', '2024-01-22 15:30:00', 'post195_media.jpg'),
('post196', 'user96', 'Tech and the cityscape panorama!', '2024-01-22 16:15:00', 'post196_media.jpg'),
('post197', 'user97', 'Code with the urban skyline!', '2024-01-22 17:00:00', 'post197_media.jpg'),
('post198', 'user98', 'Nighttime coding in the metropolis!', '2024-01-22 17:45:00', 'post198_media.jpg'),
('post199', 'user99', 'Innovative coding in the downtown loft!', '2024-01-22 18:30:00', 'post199_media.jpg'),
('post200', 'user100', 'Sunset coding in the modern office!', '2024-01-22 19:15:00', 'post200_media.jpg'),
('post201', 'user1', 'City lights and code snippets!', '2024-01-22 20:00:00', 'post201_media.jpg'),
('post202', 'user2', 'Tech innovation at twilight!', '2024-01-22 20:45:00', 'post202_media.jpg'),
('post203', 'user3', 'Code and the city riverside!', '2024-01-22 21:30:00', 'post203_media.jpg'),
('post204', 'user4', 'Innovation in the cityscape!', '2024-01-22 22:15:00', 'post204_media.jpg'),
('post205', 'user5', 'Tech discussions in the urban park!', '2024-01-22 23:00:00', 'post205_media.jpg'),
('post206', 'user6', 'Coding with the city lights!', '2024-01-22 23:45:00', 'post206_media.jpg'),
('post207', 'user7', 'In the midst of a coding festival!', '2024-01-23 00:30:00', 'post207_media.jpg'),
('post208', 'user8', 'Cityscape and code snippets!', '2024-01-23 01:15:00', 'post208_media.jpg'),
('post209', 'user9', 'Tech under the midnight moon!', '2024-01-23 02:00:00', 'post209_media.jpg'),
('post210', 'user10', 'Urban coding reflections!', '2024-01-23 02:45:00', 'post210_media.jpg'),
('post211', 'user93', 'Late afternoon coding in the urban park!', '2024-01-22 20:00:00', 'post201_media.jpg'),
('post212', 'user93', 'City lights and code reflections!', '2024-01-22 20:45:00', 'post202_media.jpg'),
('post213', 'user93', 'Tech collaboration in the shared workspace!', '2024-01-22 21:30:00', 'post203_media.jpg'),
('post214', 'user94', 'Innovative ideas flowing in the co-working hub!', '2024-01-22 22:15:00', 'post204_media.jpg'),
('post215', 'user94', 'Coding creativity on the rooftop garden!', '2024-01-22 23:00:00', 'post205_media.jpg'),
('post216', 'user94', 'Nighttime coding with a city view!', '2024-01-22 23:45:00', 'post206_media.jpg'),
('post217', 'user94', 'Panoramic cityscape coding at dusk!', '2024-01-23 00:30:00', 'post207_media.jpg'),
('post218', 'user95', 'Innovation under the city lights!', '2024-01-23 01:15:00', 'post208_media.jpg'),
('post219', 'user96', 'Code talk with a view of the skyline!', '2024-01-23 02:00:00', 'post209_media.jpg'),
('post220', 'user96', 'Late-night coding in the bustling city!', '2024-01-23 02:45:00', 'post210_media.jpg'),
('post221', 'user97', 'Tech discussions in the cityscape!', '2024-01-23 03:30:00', 'post211_media.jpg'),
('post222', 'user97', 'Nighttime coding exploration!', '2024-01-23 04:15:00', 'post212_media.jpg'),
('post223', 'user97', 'Innovative coding in the downtown loft!', '2024-01-23 05:00:00', 'post213_media.jpg'),
('post224', 'user97', 'Tech and the city skyline at dawn!', '2024-01-23 05:45:00', 'post214_media.jpg'),
('post225', 'user97', 'Sunset coding with modern office vibes!', '2024-01-23 06:30:00', 'post215_media.jpg'),
('post226', 'user98', 'Coding inspiration in the evening!', '2024-01-23 07:15:00', 'post216_media.jpg');



INSERT INTO Comment (commentID, postID, userID, context, createTime)
VALUES
('comment1', 'post1', 'user1', 'Great work! The code looks amazing.', '2024-01-26 23:00:00'),
('comment2', 'post2', 'user2', 'Love the creativity in this code!', '2024-01-26 23:15:00'),
('comment3', 'post3', 'user3', 'Incredible! Keep up the good work.', '2024-01-26 23:30:00'),
('comment4', 'post4', 'user4', 'What a brilliant piece of code!', '2024-01-26 23:45:00'),
('comment5', 'post5', 'user5', 'The coding view is breathtaking!', '2024-01-27 00:00:00'),
('comment6', 'post6', 'user6', 'Innovation at its finest!', '2024-01-27 00:15:00'),
('comment7', 'post7', 'user7', 'Morning coding vibes are the best!', '2024-01-27 00:30:00'),
('comment8', 'post8', 'user8', 'Love the tech musings in the morning!', '2024-01-27 00:45:00'),
('comment9', 'post9', 'user9', 'Sunrise coding and coffee, perfect combo!', '2024-01-27 01:00:00'),
('comment10', 'post10', 'user10', 'Cityscape coding looks amazing!', '2024-01-27 01:15:00'),
('comment11', 'post11', 'user11', 'Tech and the rising sun, a beautiful sight!', '2024-01-27 01:30:00'),
('comment12', 'post12', 'user12', 'Morning code reflections are inspiring!', '2024-01-27 01:45:00'),
('comment13', 'post13', 'user13', 'City lights and coding inspiration!', '2024-01-27 02:00:00'),
('comment14', 'post14', 'user14', 'Code and the city awakening!', '2024-01-27 02:15:00'),
('comment15', 'post15', 'user15', 'Innovation in the daylight!', '2024-01-27 02:30:00'),
('comment16', 'post16', 'user16', 'Tech under the morning sky!', '2024-01-27 02:45:00'),
('comment17', 'post17', 'user17', 'Coding with a river view!', '2024-01-27 03:00:00'),
('comment18', 'post18', 'user18', 'Urban coding with friends is always fun!', '2024-01-27 03:15:00'),
('comment19', 'post19', 'user19', 'Tech talk in the afternoon is enlightening!', '2024-01-27 03:30:00'),
('comment20', 'post20', 'user20', 'Cityscape coding with a breeze, refreshing!', '2024-01-27 03:45:00'),
('comment21', 'post21', 'user21', 'Code and the city vibe, can feel the energy!', '2024-01-27 04:00:00'),
('comment22', 'post22', 'user22', 'Afternoon code reflections, thoughtful!', '2024-01-27 04:15:00'),
('comment23', 'post23', 'user23', 'Tech and the urban rhythm, love it!', '2024-01-27 04:30:00'),
('comment24', 'post24', 'user24', 'Innovation in the city loft, impressive!', '2024-01-27 04:45:00'),
('comment25', 'post25', 'user25', 'City lights and late-day code, a perfect combo!', '2024-01-27 05:00:00'),
('comment26', 'post26', 'user26', 'Coding with a sunset view, beautiful!', '2024-01-27 05:15:00'),
('comment27', 'post27', 'user27', 'Urban code talk in the cafe, lively discussion!', '2024-01-27 05:30:00'),
('comment28', 'post28', 'user28', 'Cityscape coding with friends, always a blast!', '2024-01-27 05:45:00'),
('comment29', 'post29', 'user29', 'Tech and the evening skyline, magical!', '2024-01-27 06:00:00'),
('comment30', 'post30', 'user30', 'Nighttime coding reflections, deep thoughts!', '2024-01-27 06:15:00'),
('comment31', 'post31', 'user31', 'This code is elegant and efficient.', '2024-01-27 06:30:00'),
('comment32', 'post32', 'user32', 'The creativity in this code is impressive!', '2024-01-27 06:45:00'),
('comment33', 'post33', 'user33', 'The tech discussions here are enlightening.', '2024-01-27 07:00:00'),
('comment34', 'post34', 'user34', 'Dylan, your coding skills are outstanding!', '2024-01-27 07:15:00'),
('comment35', 'post35', 'user35', 'Luna, your code is always top-notch!', '2024-01-27 07:30:00'),
('comment36', 'post36', 'user36', 'Jaxon, great job on the code!', '2024-01-27 07:45:00'),
('comment37', 'post37', 'user37', 'Brooklyn, your coding style is fantastic!', '2024-01-27 08:00:00'),
('comment38', 'post38', 'user38', 'Sebastian, your code is clean and efficient.', '2024-01-27 08:15:00'),
('comment39', 'post39', 'user39', 'Stella, your coding skills are truly impressive!', '2024-01-27 08:30:00'),
('comment40', 'post40', 'user40', 'Wyatt, this code is well-structured and easy to follow.', '2024-01-27 08:45:00'),
('comment41', 'post1', 'user41', 'The coding style here is unique and impressive.', '2024-01-27 09:00:00'),
('comment42', 'post1', 'user42', 'Great use of algorithms in this code!', '2024-01-27 09:15:00'),
('comment43', 'post1', 'user43', 'Olivia, your coding skills are unmatched!', '2024-01-27 09:30:00'),
('comment44', 'post1', 'user44', 'Owen, fantastic job on the implementation!', '2024-01-27 09:45:00'),
('comment45', 'post1', 'user45', 'Lily, this code is simply brilliant!', '2024-01-27 10:00:00'),
('comment46', 'post1', 'user46', 'Ethan, your coding logic is outstanding!', '2024-01-27 10:15:00'),
('comment47', 'post1', 'user47', 'Mia, your attention to detail in coding is commendable!', '2024-01-27 10:30:00'),
('comment48', 'post1', 'user48', 'Jack, this code is a masterpiece!', '2024-01-27 10:45:00'),
('comment49', 'post1', 'user49', 'Amelia, your coding finesse is truly inspiring!', '2024-01-27 11:00:00'),
('comment50', 'post1', 'user50', 'Oliver, your coding creativity shines through!', '2024-01-27 11:15:00'),
('comment51', 'post2', 'user51', 'Sophia, the elegance in your code is commendable!', '2024-01-27 11:30:00'),
('comment52', 'post2', 'user52', 'Noah, impressive use of data structures here!', '2024-01-27 11:45:00'),
('comment53', 'post2', 'user53', 'Luna, your coding style is both efficient and elegant!', '2024-01-27 12:00:00'),
('comment54', 'post2', 'user54', 'Jaxon, this code showcases your expertise!', '2024-01-27 12:15:00'),
('comment55', 'post2', 'user55', 'Mia, your attention to detail in coding is commendable!', '2024-01-27 12:30:00'),
('comment56', 'post2', 'user56', 'Liam, your coding logic is on point!', '2024-01-27 12:45:00'),
('comment57', 'post2', 'user57', 'Harper, this code is a work of art!', '2024-01-27 13:00:00'),
('comment58', 'post3', 'user58', 'Sebastian, your coding skills are truly impressive!', '2024-01-27 13:15:00'),
('comment59', 'post3', 'user59', 'Ava, great use of algorithms in this code!', '2024-01-27 13:30:00'),
('comment60', 'post3', 'user60', 'Ethan, your coding creativity shines through!', '2024-01-27 13:45:00'),
('comment61', 'post4', 'user61', 'Mia, the elegance in your code is commendable!', '2024-01-27 14:00:00'),
('comment62', 'post4', 'user62', 'Liam, your coding style is both efficient and elegant!', '2024-01-27 14:15:00'),
('comment63', 'post4', 'user63', 'Olivia, your coding logic is on point!', '2024-01-27 14:30:00'),
('comment64', 'post4', 'user64', 'Owen, great use of algorithms in this code!', '2024-01-27 14:45:00'),
('comment65', 'post5', 'user65', 'Lily, this code showcases your expertise!', '2024-01-27 15:00:00'),
('comment66', 'post5', 'user66', 'Ethan, your coding skills are truly impressive!', '2024-01-27 15:15:00'),
('comment67', 'post5', 'user67', 'Mia, your attention to detail in coding is commendable!', '2024-01-27 15:30:00'),
('comment68', 'post5', 'user68', 'Jack, this code is a work of art!', '2024-01-27 15:45:00'),
('comment69', 'post6', 'user69', 'Amelia, your coding skills are unmatched!', '2024-01-27 16:00:00'),
('comment70', 'post6', 'user70', 'Oliver, fantastic job on the implementation!', '2024-01-27 16:15:00'),
('comment71', 'post6', 'user71', 'Sophia, your coding finesse is truly inspiring!', '2024-01-27 16:30:00'),
('comment72', 'post6', 'user72', 'Noah, your coding creativity shines through!', '2024-01-27 16:45:00'),
('comment73', 'post6', 'user73', 'Luna, this code is simply brilliant!', '2024-01-27 17:00:00'),
('comment74', 'post6', 'user74', 'Jaxon, your coding logic is outstanding!', '2024-01-27 17:15:00'),
('comment75', 'post7', 'user75', 'Brooklyn, your coding style is both efficient and elegant!', '2024-01-27 17:30:00'),
('comment76', 'post7', 'user76', 'Sebastian, your coding skills are truly impressive!', '2024-01-27 17:45:00'),
('comment77', 'post7', 'user77', 'Stella, this code showcases your expertise!', '2024-01-27 18:00:00'),
('comment78', 'post7', 'user78', 'Wyatt, great use of algorithms in this code!', '2024-01-27 18:15:00'),
('comment79', 'post8', 'user79', 'Zoey, your coding creativity shines through!', '2024-01-27 18:30:00'),
('comment80', 'post8', 'user80', 'Nathan, your coding logic is on point!', '2024-01-27 18:45:00'),
('comment81', 'post41', 'user81', 'Great implementation, Sophia!', '2024-01-28 09:00:00'),
('comment82', 'post41', 'user82', 'Noah, your coding skills are unmatched!', '2024-01-28 09:15:00'),
('comment83', 'post41', 'user83', 'Luna, this code showcases your expertise!', '2024-01-28 09:30:00'),
('comment84', 'post41', 'user84', 'Jaxon, fantastic job on the implementation!', '2024-01-28 09:45:00'),
('comment85', 'post41', 'user85', 'Mia, your coding logic is outstanding!', '2024-01-28 10:00:00'),
('comment86', 'post41', 'user86', 'Liam, this code is simply brilliant!', '2024-01-28 10:15:00'),
('comment87', 'post41', 'user87', 'Harper, your coding finesse is truly inspiring!', '2024-01-28 10:30:00'),
('comment88', 'post41', 'user88', 'Jack, your attention to detail in coding is commendable!', '2024-01-28 10:45:00'),
('comment89', 'post41', 'user89', 'Amelia, this code is a masterpiece!', '2024-01-28 11:00:00'),
('comment90', 'post41', 'user90', 'Oliver, your coding creativity shines through!', '2024-01-28 11:15:00'),
('comment91', 'post42', 'user91', 'Mia, the elegance in your code is commendable!', '2024-01-28 11:30:00'),
('comment92', 'post42', 'user92', 'Liam, your coding style is both efficient and elegant!', '2024-01-28 11:45:00'),
('comment93', 'post42', 'user93', 'Olivia, your coding logic is on point!', '2024-01-28 12:00:00'),
('comment94', 'post42', 'user94', 'Owen, great use of algorithms in this code!', '2024-01-28 12:15:00'),
('comment95', 'post42', 'user95', 'Lily, this code showcases your expertise!', '2024-01-28 12:30:00'),
('comment96', 'post42', 'user96', 'Ethan, your coding skills are truly impressive!', '2024-01-28 12:45:00'),
('comment97', 'post42', 'user97', 'Mia, your attention to detail in coding is commendable!', '2024-01-28 13:00:00'),
('comment98', 'post42', 'user98', 'Jack, this code is a work of art!', '2024-01-28 13:15:00'),
('comment99', 'post43', 'user99', 'Amelia, your coding skills are unmatched!', '2024-01-28 13:30:00'),
('comment100', 'post43', 'user100', 'Oliver, fantastic job on the implementation!', '2024-01-28 13:45:00'),
('comment101', 'post43', 'user1', 'John, your coding finesse is truly inspiring!', '2024-01-28 14:00:00'),
('comment102', 'post43', 'user2', 'Alice, your coding creativity shines through!', '2024-01-28 14:15:00'),
('comment103', 'post43', 'user3', 'Bob, this code is simply brilliant!', '2024-01-28 14:30:00'),
('comment104', 'post43', 'user4', 'Emily, your coding logic is outstanding!', '2024-01-28 14:45:00'),
('comment105', 'post44', 'user5', 'Chris, your coding style is both efficient and elegant!', '2024-01-28 15:00:00'),
('comment106', 'post44', 'user6', 'Sarah, your coding skills are truly impressive!', '2024-01-28 15:15:00'),
('comment107', 'post44', 'user7', 'David, this code showcases your expertise!', '2024-01-28 15:30:00'),
('comment108', 'post44', 'user8', 'Olivia, great use of algorithms in this code!', '2024-01-28 15:45:00'),
('comment109', 'post45', 'user9', 'Ryan, your coding creativity shines through!', '2024-01-28 16:00:00'),
('comment110', 'post45', 'user10', 'Emma, your coding logic is on point!', '2024-01-28 16:15:00'),
('comment111', 'post46', 'user11', 'Grace, this is brilliant work!', '2024-01-28 16:30:00'),
('comment112', 'post47', 'user12', 'Michael, your coding skills shine through!', '2024-01-28 16:45:00'),
('comment113', 'post48', 'user13', 'Lily, great use of algorithms in this code!', '2024-01-28 17:00:00'),
('comment114', 'post49', 'user14', 'Logan, your attention to detail is commendable!', '2024-01-28 17:15:00'),
('comment115', 'post50', 'user15', 'Ella, this code showcases your expertise!', '2024-01-28 17:30:00'),
('comment116', 'post51', 'user16', 'Noah, fantastic job on the implementation!', '2024-01-28 17:45:00'),
('comment117', 'post52', 'user17', 'Ava, your coding logic is outstanding!', '2024-01-28 18:00:00'),
('comment118', 'post53', 'user18', 'Liam, your coding skills are truly impressive!', '2024-01-28 18:15:00'),
('comment119', 'post54', 'user19', 'Olivia, this code is a work of art!', '2024-01-28 18:30:00'),
('comment120', 'post55', 'user20', 'Jackson, your coding creativity shines through!', '2024-01-28 18:45:00'),
('comment121', 'post56', 'user21', 'Sophie, your coding finesse is truly inspiring!', '2024-01-28 19:00:00'),
('comment122', 'post57', 'user22', 'Ethan, your coding style is both efficient and elegant!', '2024-01-28 19:15:00'),
('comment123', 'post58', 'user23', 'Mia, your coding skills are unmatched!', '2024-01-28 19:30:00'),
('comment124', 'post59', 'user24', 'Luke, this code is simply brilliant!', '2024-01-28 19:45:00'),
('comment125', 'post60', 'user25', 'Ava, your attention to detail in coding is commendable!', '2024-01-28 20:00:00'),
('comment126', 'post61', 'user26', 'Liam, your coding logic is on point!', '2024-01-28 20:15:00'),
('comment127', 'post62', 'user27', 'Harper, great use of algorithms in this code!', '2024-01-28 20:30:00'),
('comment128', 'post63', 'user28', 'Jack, your coding creativity shines through!', '2024-01-28 20:45:00'),
('comment129', 'post64', 'user29', 'Amelia, your coding skills are truly impressive!', '2024-01-28 21:00:00'),
('comment130', 'post65', 'user30', 'Owen, this code showcases your expertise!', '2024-01-28 21:15:00'),
('comment131', 'post66', 'user31', 'Zoey, impressive coding skills!', '2024-01-28 21:30:00'),
('comment132', 'post67', 'user32', 'Nathan, this code is top-notch!', '2024-01-28 21:45:00'),
('comment133', 'post68', 'user33', 'Aubrey, your coding finesse is truly inspiring!', '2024-01-28 22:00:00'),
('comment134', 'post69', 'user34', 'Dylan, great implementation details in this code!', '2024-01-28 22:15:00'),
('comment135', 'post70', 'user35', 'Luna, your coding logic is on point!', '2024-01-28 22:30:00'),
('comment136', 'post71', 'user36', 'Jaxon, fantastic job on the implementation!', '2024-01-28 22:45:00'),
('comment137', 'post72', 'user37', 'Brooklyn, your coding skills are unmatched!', '2024-01-28 23:00:00'),
('comment138', 'post73', 'user38', 'Sebastian, this code showcases your expertise!', '2024-01-28 23:15:00'),
('comment139', 'post74', 'user39', 'Stella, your attention to detail in coding is commendable!', '2024-01-28 23:30:00'),
('comment140', 'post75', 'user40', 'Wyatt, your coding style is both efficient and elegant!', '2024-01-28 23:45:00'),
('comment141', 'post76', 'user41', 'Zoey, your coding creativity shines through!', '2024-01-29 00:00:00'),
('comment142', 'post77', 'user42', 'Nolan, this code is a work of art!', '2024-01-29 00:15:00'),
('comment143', 'post78', 'user43', 'Olivia, your coding skills are truly impressive!', '2024-01-29 00:30:00'),
('comment144', 'post79', 'user44', 'Owen, great use of algorithms in this code!', '2024-01-29 00:45:00'),
('comment145', 'post80', 'user45', 'Lily, your coding logic is outstanding!', '2024-01-29 01:00:00'),
('comment146', 'post81', 'user46', 'Ethan, your coding skills shine through!', '2024-01-29 01:15:00'),
('comment147', 'post82', 'user47', 'Mia, this code is simply brilliant!', '2024-01-29 01:30:00'),
('comment148', 'post83', 'user48', 'Jack, your coding skills are truly impressive!', '2024-01-29 01:45:00'),
('comment149', 'post84', 'user49', 'Amelia, great implementation details in this code!', '2024-01-29 02:00:00'),
('comment150', 'post85', 'user50', 'Oliver, fantastic job on the implementation!', '2024-01-29 02:15:00');


INSERT INTO "Like" (postID, userID, likeTime)
VALUES
('post1', 'user1', '2024-01-29 08:30:00'),
('post2', 'user2', '2024-01-29 08:45:00'),
('post3', 'user3', '2024-01-29 09:00:00'),
('post4', 'user4', '2024-01-29 09:15:00'),
('post5', 'user5', '2024-01-29 09:30:00'),
('post6', 'user6', '2024-01-29 09:45:00'),
('post7', 'user7', '2024-01-29 10:00:00'),
('post8', 'user8', '2024-01-29 10:15:00'),
('post9', 'user9', '2024-01-29 10:30:00'),
('post10', 'user10', '2024-01-29 10:45:00'),
('post11', 'user11', '2024-01-29 11:00:00'),
('post12', 'user12', '2024-01-29 11:15:00'),
('post13', 'user13', '2024-01-29 11:30:00'),
('post14', 'user14', '2024-01-29 11:45:00'),
('post15', 'user15', '2024-01-29 12:00:00'),
('post16', 'user16', '2024-01-29 12:15:00'),
('post17', 'user17', '2024-01-29 12:30:00'),
('post18', 'user18', '2024-01-29 12:45:00'),
('post19', 'user19', '2024-01-29 13:00:00'),
('post20', 'user20', '2024-01-29 13:15:00'),
('post21', 'user21', '2024-01-29 13:30:00'),
('post22', 'user22', '2024-01-29 13:45:00'),
('post23', 'user23', '2024-01-29 14:00:00'),
('post24', 'user24', '2024-01-29 14:15:00'),
('post25', 'user25', '2024-01-29 14:30:00'),
('post26', 'user26', '2024-01-29 14:45:00'),
('post27', 'user27', '2024-01-29 15:00:00'),
('post28', 'user28', '2024-01-29 15:15:00'),
('post29', 'user29', '2024-01-29 15:30:00'),
('post30', 'user30', '2024-01-29 15:45:00'),
('post31', 'user31', '2024-01-29 16:00:00'),
('post32', 'user32', '2024-01-29 16:15:00'),
('post33', 'user33', '2024-01-29 16:30:00'),
('post34', 'user34', '2024-01-29 16:45:00'),
('post35', 'user35', '2024-01-29 17:00:00'),
('post36', 'user36', '2024-01-29 17:15:00'),
('post37', 'user37', '2024-01-29 17:30:00'),
('post38', 'user38', '2024-01-29 17:45:00'),
('post39', 'user39', '2024-01-29 18:00:00'),
('post40', 'user40', '2024-01-29 18:15:00'),
('post41', 'user41', '2024-01-30 09:30:00'),
('post41', 'user42', '2024-01-30 09:45:00'),
('post41', 'user43', '2024-01-30 10:00:00'),
('post42', 'user44', '2024-01-30 10:15:00'),
('post42', 'user45', '2024-01-30 10:30:00'),
('post43', 'user46', '2024-01-30 10:45:00'),
('post45', 'user47', '2024-01-30 11:00:00'),
('post45', 'user48', '2024-01-30 11:15:00'),
('post45', 'user49', '2024-01-30 11:30:00'),
('post46', 'user50', '2024-01-30 11:45:00'),
('post46', 'user51', '2024-01-30 12:00:00'),
('post46', 'user52', '2024-01-30 12:15:00'),
('post46', 'user53', '2024-01-30 12:30:00'),
('post48', 'user54', '2024-01-30 12:45:00'),
('post49', 'user55', '2024-01-30 13:00:00'),
('post49', 'user56', '2024-01-30 13:15:00'),
('post50', 'user57', '2024-01-30 13:30:00'),
('post50', 'user58', '2024-01-30 13:45:00'),
('post50', 'user59', '2024-01-30 14:00:00'),
('post52', 'user60', '2024-01-30 14:15:00'),
('post52', 'user61', '2024-01-30 14:30:00'),
('post52', 'user62', '2024-01-30 14:45:00'),
('post53', 'user63', '2024-01-30 15:00:00'),
('post54', 'user64', '2024-01-30 15:15:00'),
('post54', 'user65', '2024-01-30 15:30:00'),
('post54', 'user66', '2024-01-30 15:45:00'),
('post57', 'user67', '2024-01-30 16:00:00'),
('post60', 'user68', '2024-01-30 16:15:00'),
('post60', 'user69', '2024-01-30 16:30:00'),
('post60', 'user70', '2024-01-30 16:45:00'),
('post61', 'user71', '2024-01-30 17:00:00'),
('post63', 'user72', '2024-01-30 17:15:00'),
('post63', 'user73', '2024-01-30 17:30:00'),
('post65', 'user74', '2024-01-30 17:45:00'),
('post65', 'user75', '2024-01-30 18:00:00'),
('post65', 'user76', '2024-01-30 18:15:00'),
('post66', 'user77', '2024-01-30 18:30:00'),
('post68', 'user78', '2024-01-30 18:45:00'),
('post68', 'user79', '2024-01-30 19:00:00'),
('post69', 'user80', '2024-01-30 19:15:00'),
('post70', 'user81', '2024-01-30 19:30:00'),
('post71', 'user82', '2024-01-30 19:45:00'),
('post71', 'user83', '2024-01-30 20:00:00'),
('post71', 'user84', '2024-01-30 20:15:00'),
('post73', 'user85', '2024-01-30 20:30:00'),
('post73', 'user86', '2024-01-30 20:45:00'),
('post73', 'user87', '2024-01-30 21:00:00'),
('post76', 'user88', '2024-01-30 21:15:00'),
('post78', 'user89', '2024-01-30 21:30:00'),
('post79', 'user90', '2024-01-30 21:45:00'),
('post79', 'user91', '2024-01-30 22:00:00'),
('post82', 'user92', '2024-01-30 22:15:00'),
('post84', 'user93', '2024-01-30 22:30:00'),
('post84', 'user94', '2024-01-30 22:45:00'),
('post84', 'user95', '2024-01-30 23:00:00'),
('post85', 'user96', '2024-01-30 23:15:00'),
('post85', 'user97', '2024-01-30 23:30:00'),
('post87', 'user98', '2024-01-30 23:45:00'),
('post88', 'user99', '2024-01-31 00:00:00'),
('post91', 'user100', '2024-01-31 00:15:00'),
('post92', 'user1', '2024-01-31 00:30:00'),
('post92', 'user2', '2024-01-31 00:45:00'),
('post93', 'user3', '2024-01-31 01:00:00'),
('post95', 'user4', '2024-01-31 01:15:00'),
('post96', 'user5', '2024-01-31 01:30:00'),
('post97', 'user67', '2024-01-31 01:45:00'),
('post99', 'user7', '2024-01-31 02:00:00'),
('post101', 'user8', '2024-01-31 02:15:00'),
('post101', 'user9', '2024-01-31 02:30:00'),
('post101', 'user10', '2024-01-31 02:45:00'),
('post103', 'user11', '2024-01-31 03:00:00'),
('post104', 'user12', '2024-01-31 03:15:00'),
('post104', 'user13', '2024-01-31 03:30:00'),
('post105', 'user14', '2024-01-31 03:45:00'),
('post105', 'user15', '2024-01-31 04:00:00'),
('post105', 'user16', '2024-01-31 04:15:00'),
('post107', 'user17', '2024-01-31 04:30:00'),
('post109', 'user18', '2024-01-31 04:45:00'),
('post109', 'user19', '2024-01-31 05:00:00'),
('post110', 'user20', '2024-01-31 05:15:00'),
('post112', 'user21', '2024-01-31 05:30:00'),
('post112', 'user22', '2024-01-31 05:45:00'),
('post114', 'user23', '2024-01-31 06:00:00'),
('post114', 'user24', '2024-01-31 06:15:00'),
('post115', 'user25', '2024-01-31 06:30:00'),
('post116', 'user26', '2024-01-31 06:45:00'),
('post117', 'user27', '2024-01-31 07:00:00'),
('post118', 'user28', '2024-01-31 07:15:00'),
('post118', 'user27', '2024-01-31 07:30:00'),
('post120', 'user30', '2024-01-31 07:45:00'),
('post120', 'user31', '2024-01-31 08:00:00');


INSERT INTO "Group" (groupID, ownerID, groupName, groupDescription, groupPictureUrl)
VALUES
('group1', 'user1', 'Programming Enthusiasts', 'A group for passionate programmers', 'https://example.com/programming_group.jpg'),
('group2', 'user2', 'Book Lovers', 'For those who can not resist a good book', 'https://example.com/book_lovers_group.jpg'),
('group3', 'user3', 'Fitness Freaks', 'Get fit and stay healthy together', 'https://example.com/fitness_freaks_group.jpg'),
('group4', 'user4', 'Travel Junkies', 'Explore the world with fellow travel enthusiasts', 'https://example.com/travel_junkies_group.jpg'),
('group5', 'user5', 'Photography Masters', 'Share and discuss your best shots', 'https://example.com/photography_masters_group.jpg'),
('group6', 'user6', 'Tech Innovators', 'Innovate and create the future of technology', 'https://example.com/tech_innovators_group.jpg'),
('group7', 'user7', 'Artists United', 'Connect with fellow artists and showcase your work', 'https://example.com/artists_united_group.jpg'),
('group8', 'user8', 'Gaming Geeks', 'Level up your gaming experience with like-minded gamers', 'https://example.com/gaming_geeks_group.jpg'),
('group9', 'user9', 'Foodie Paradise', 'Share your favorite recipes and food experiences', 'https://example.com/foodie_paradise_group.jpg'),
('group10', 'user10', 'Movie Buffs', 'Discuss and discover the best in cinema', 'https://example.com/movie_buffs_group.jpg'),
('group11', 'user11', 'Music Mania', 'Explore the world of music with fellow music enthusiasts', 'https://example.com/music_mania_group.jpg'),
('group12', 'user12', 'Fashion Fanatics', 'Stay trendy and share your fashion sense', 'https://example.com/fashion_fanatics_group.jpg'),
('group13', 'user13', 'Outdoor Adventurers', 'For those who love the great outdoors', 'https://example.com/outdoor_adventurers_group.jpg'),
('group14', 'user14', 'Science Explorers', 'Delve into the wonders of science with passionate minds', 'https://example.com/science_explorers_group.jpg'),
('group15', 'user15', 'Pet Lovers', 'Share your love for pets and pet care tips', 'https://example.com/pet_lovers_group.jpg'),
('group16', 'user16', 'DIY Enthusiasts', 'Create and share your DIY projects', 'https://example.com/diy_enthusiasts_group.jpg'),
('group17', 'user17', 'Language Learners', 'Learn and practice new languages together', 'https://example.com/language_learners_group.jpg'),
('group18', 'user18', 'Finance Gurus', 'Discuss financial strategies and investments', 'https://example.com/finance_gurus_group.jpg'),
('group19', 'user19', 'Entrepreneurship Hub', 'Connect with aspiring and experienced entrepreneurs', 'https://example.com/entrepreneurship_hub_group.jpg'),
('group20', 'user20', 'Environmental Warriors', 'Join hands for a greener and sustainable world', 'https://example.com/environmental_warriors_group.jpg'),
('group21', 'user21', 'Parenting Support', 'Share parenting tips and experiences', 'https://example.com/parenting_support_group.jpg'),
('group22', 'user22', 'Fitness Challenges', 'Challenge each other to achieve fitness goals', 'https://example.com/fitness_challenges_group.jpg'),
('group23', 'user23', 'Anime Addicts', 'For the love of anime and manga', 'https://example.com/anime_addicts_group.jpg'),
('group24', 'user24', 'Tech Startups', 'Connect with fellow startup enthusiasts and professionals', 'https://example.com/tech_startups_group.jpg'),
('group25', 'user25', 'Motorcycle Riders', 'Cruise the roads with fellow motorcycle enthusiasts', 'https://example.com/motorcycle_riders_group.jpg'),
('group26', 'user26', 'Mountain Climbers', 'Conquer peaks and share your climbing adventures', 'https://example.com/mountain_climbers_group.jpg'),
('group27', 'user27', 'Plant Lovers', 'Discuss plant care tips and share your green corner', 'https://example.com/plant_lovers_group.jpg'),
('group28', 'user28', 'Virtual Reality Enthusiasts', 'Explore the world of VR with like-minded enthusiasts', 'https://example.com/vr_enthusiasts_group.jpg'),
('group29', 'user29', 'Board Game Geeks', 'Play and discuss your favorite board games', 'https://example.com/board_game_geeks_group.jpg'),
('group30', 'user30', 'DIET and Nutrition', 'Discuss and share diet and nutrition tips', 'https://example.com/diet_and_nutrition_group.jpg'),
('group31', 'user31', 'Programming Challenges', 'Sharpen your coding skills with challenging problems', 'https://example.com/programming_challenges_group.jpg'),
('group32', 'user32', 'Historical Enthusiasts', 'Explore and discuss historical events and artifacts', 'https://example.com/historical_enthusiasts_group.jpg'),
('group33', 'user33', 'Astrology Admirers', 'Explore the mysteries of the stars and planets', 'https://example.com/astrology_admirers_group.jpg'),
('group34', 'user34', 'Home Decorators', 'Share your home decor ideas and inspirations', 'https://example.com/home_decorators_group.jpg'),
('group35', 'user35', 'Coffee Connoisseurs', 'For those who appreciate the art of coffee making', 'https://example.com/coffee_connoisseurs_group.jpg'),
('group36', 'user36', 'Healthy Lifestyle', 'Embrace a healthy lifestyle with tips and motivation', 'https://example.com/healthy_lifestyle_group.jpg'),
('group37', 'user37', 'Crafting Corner', 'Showcase your crafting skills and DIY projects', 'https://example.com/crafting_corner_group.jpg'),
('group38', 'user38', 'Space Explorers', 'Discuss the wonders of the cosmos and space exploration', 'https://example.com/space_explorers_group.jpg'),
('group39', 'user39', 'Car Enthusiasts', 'Share your passion for cars and discuss automotive trends', 'https://example.com/car_enthusiasts_group.jpg'),
('group40', 'user40', 'Mindfulness Meditation', 'Explore the benefits of mindfulness and meditation', 'https://example.com/mindfulness_meditation_group.jpg');



INSERT INTO Message (messageID, groupID, senderID, sendTime, mediaUrl, context)
VALUES
('message1', 'group1', 'user1', '2024-01-15 08:30:00', NULL, 'Hello, everyone!'),
('message2', 'group2', 'user2', '2024-01-15 09:45:00', 'https://example.com/image2.jpg', 'Discussing the latest book recommendations.'),
('message3', 'group3', 'user3', '2024-01-15 10:15:00', NULL, 'Lets plan our next fitness challenge!'),
('message4', 'group4', 'user4', '2024-01-15 11:30:00', 'https://example.com/image4.png', 'Share your favorite travel destinations.'),
('message5', 'group5', 'user5', '2024-01-15 12:00:00', 'https://example.com/image5.jpg', 'Check out my latest photography work!'),
('message6', 'group6', 'user6', '2024-01-15 13:15:00', NULL, 'Discussing the latest tech innovations.'),
('message7', 'group7', 'user7', '2024-01-15 14:30:00', 'https://example.com/image7.jpg', 'Share your recent artwork.'),
('message8', 'group8', 'user8', '2024-01-15 15:45:00', NULL, 'Anyone up for a gaming session tonight?'),
('message9', 'group9', 'user9', '2024-01-15 16:15:00', 'https://example.com/image9.png', 'What is your favorite recipe for a quick meal?'),
('message10', 'group10', 'user10', '2024-01-15 17:30:00', NULL, 'Just watched an amazing movie! Lets discuss.'),
('message11', 'group11', 'user11', '2024-01-15 18:00:00', 'https://example.com/image11.jpg', 'Share your favorite music playlists.'),
('message12', 'group12', 'user12', '2024-01-15 19:15:00', NULL, 'Discussing the latest fashion trends.'),
('message13', 'group13', 'user13', '2024-01-15 20:30:00', 'https://example.com/image13.png', 'Planning our next outdoor adventure!'),
('message14', 'group14', 'user14', '2024-01-15 21:45:00', NULL, 'Exploring fascinating science topics.'),
('message15', 'group15', 'user15', '2024-01-15 22:15:00', 'https://example.com/image15.jpg', 'Show us your adorable pets!'),
('message16', 'group16', 'user16', '2024-01-15 23:30:00', NULL, 'Share your latest DIY projects.'),
('message17', 'group17', 'user17', '2024-01-15 08:30:00', 'https://example.com/image17.jpg', 'Learning a new language - any tips?'),
('message18', 'group18', 'user18', '2024-01-15 09:45:00', NULL, 'Discussing financial strategies.'),
('message19', 'group19', 'user19', '2024-01-15 10:15:00', 'https://example.com/image19.png', 'Entrepreneurship insights and experiences.'),
('message20', 'group20', 'user20', '2024-01-15 11:30:00', NULL, 'Discussing environmental conservation.'),
('message21', 'group21', 'user21', '2024-01-15 12:00:00', 'https://example.com/image21.jpg', 'Parenting tips and support.'),
('message22', 'group22', 'user22', '2024-01-15 13:15:00', NULL, 'Join our fitness challenge!'),
('message23', 'group23', 'user23', '2024-01-15 14:30:00', 'https://example.com/image23.jpg', 'What is your favorite anime series?'),
('message24', 'group24', 'user24', '2024-01-15 15:45:00', NULL, 'Discussing the latest in tech startups.'),
('message25', 'group25', 'user25', '2024-01-15 16:15:00', 'https://example.com/image25.png', 'Share your motorcycle adventures!'),
('message26', 'group26', 'user26', '2024-01-15 17:30:00', NULL, 'Climbing enthusiasts, share your experiences.'),
('message27', 'group27', 'user27', '2024-01-15 18:00:00', 'https://example.com/image27.jpg', 'Show us your favorite plants.'),
('message28', 'group28', 'user28', '2024-01-15 19:15:00', NULL, 'Discussing the latest in virtual reality.'),
('message29', 'group29', 'user29', '2024-01-15 20:30:00', 'https://example.com/image29.png', 'Favorite board games anyone?'),
('message30', 'group30', 'user30', '2024-01-15 21:45:00', NULL, 'Discussing diet and nutrition tips.'),
('message31', 'group31', 'user1', '2024-01-15 08:30:00', NULL, 'Hello, everyone!'),
('message32', 'group31', 'user2', '2024-01-15 09:45:00', 'https://example.com/image32.jpg', 'Discussing the latest book recommendations.'),
('message33', 'group31', 'user3', '2024-01-15 10:15:00', NULL, 'Lets plan our next fitness challenge!'),
('message34', 'group31', 'user4', '2024-01-15 11:30:00', 'https://example.com/image34.png', 'Share your favorite travel destinations.'),
('message35', 'group31', 'user5', '2024-01-15 12:00:00', 'https://example.com/image35.jpg', 'Check out my latest photography work!'),
('message36', 'group32', 'user6', '2024-01-15 13:15:00', NULL, 'Discussing the latest tech innovations.'),
('message37', 'group32', 'user7', '2024-01-15 14:30:00', 'https://example.com/image37.jpg', 'Share your recent artwork.'),
('message38', 'group32', 'user8', '2024-01-15 15:45:00', NULL, 'Anyone up for a gaming session tonight?'),
('message39', 'group32', 'user9', '2024-01-15 16:15:00', 'https://example.com/image39.png', 'Whats your favorite recipe for a quick meal?'),
('message40', 'group32', 'user10', '2024-01-15 17:30:00', NULL, 'Just watched an amazing movie! Lets discuss.'),
('message41', 'group32', 'user11', '2024-01-15 18:00:00', 'https://example.com/image41.jpg', 'Share your favorite music playlists.'),
('message42', 'group32', 'user12', '2024-01-15 19:15:00', NULL, 'Discussing the latest fashion trends.'),
('message43', 'group33', 'user13', '2024-01-15 20:30:00', 'https://example.com/image43.png', 'Planning our next outdoor adventure!'),
('message44', 'group33', 'user14', '2024-01-15 21:45:00', NULL, 'Exploring fascinating science topics.'),
('message45', 'group33', 'user15', '2024-01-15 22:15:00', 'https://example.com/image45.jpg', 'Show us your adorable pets!'),
('message46', 'group34', 'user16', '2024-01-15 23:30:00', NULL, 'Share your latest DIY projects.'),
('message47', 'group34', 'user17', '2024-01-16 08:30:00', 'https://example.com/image47.jpg', 'Learning a new language - any tips?'),
('message48', 'group34', 'user18', '2024-01-16 09:45:00', NULL, 'Discussing financial strategies.'),
('message49', 'group34', 'user19', '2024-01-16 10:15:00', 'https://example.com/image49.png', 'Entrepreneurship insights and experiences.'),
('message50', 'group34', 'user20', '2024-01-16 11:30:00', NULL, 'Discussing environmental conservation.'),
('message51', 'group34', 'user21', '2024-01-16 12:00:00', 'https://example.com/image51.jpg', 'Parenting tips and support.'),
('message52', 'group34', 'user22', '2024-01-16 13:15:00', NULL, 'Join our fitness challenge!'),
('message53', 'group34', 'user23', '2024-01-16 14:30:00', 'https://example.com/image53.jpg', 'What is your favorite anime series?'),
('message54', 'group34', 'user24', '2024-01-16 15:45:00', NULL, 'Discussing the latest in tech startups.'),
('message55', 'group34', 'user25', '2024-01-16 16:15:00', 'https://example.com/image55.png', 'Share your motorcycle adventures!'),
('message56', 'group35', 'user26', '2024-01-16 17:30:00', 'https://example.com/image56.jpg', 'Share your favorite travel destinations.'),
('message57', 'group35', 'user27', '2024-01-16 18:00:00', NULL, 'Discussing the latest in science and technology.'),
('message58', 'group35', 'user28', '2024-01-16 19:15:00', 'https://example.com/image58.png', 'What books are you currently reading?'),
('message59', 'group35', 'user29', '2024-01-16 20:30:00', NULL, 'Planning a movie night! Any recommendations?'),
('message60', 'group36', 'user30', '2024-01-16 21:45:00', 'https://example.com/image60.jpg', 'Discussing the latest fashion trends.'),
('message61', 'group36', 'user31', '2024-01-16 22:15:00', NULL, 'Share your favorite recipes for quick meals.'),
('message62', 'group36', 'user32', '2024-01-17 08:30:00', 'https://example.com/image62.png', 'Planning a photography meetup!'),
('message63', 'group36', 'user33', '2024-01-17 09:45:00', NULL, 'What is your favorite workout routine?'),
('message64', 'group36', 'user34', '2024-01-17 10:15:00', 'https://example.com/image64.jpg', 'Discussing upcoming gaming events.'),
('message65', 'group36', 'user35', '2024-01-17 11:30:00', NULL, 'Share your artwork and get feedback!'),
('message66', 'group37', 'user36', '2024-01-17 12:00:00', 'https://example.com/image66.jpg', 'Planning a beach day!'),
('message67', 'group37', 'user37', '2024-01-17 13:15:00', NULL, 'Discussing the latest TV shows and movies.'),
('message68', 'group37', 'user38', '2024-01-17 14:30:00', 'https://example.com/image68.png', 'Share your favorite podcasts.'),
('message69', 'group37', 'user39', '2024-01-17 15:45:00', NULL, 'What is your favorite hiking trail?'),
('message70', 'group37', 'user40', '2024-01-17 16:15:00', 'https://example.com/image70.jpg', 'Discussing personal development goals.'),
('message71', 'group37', 'user41', '2024-01-17 17:30:00', NULL, 'Share your recent travel experiences.'),
('message72', 'group37', 'user42', '2024-01-17 18:00:00', 'https://example.com/image72.jpg', 'What is your go-to workout music?'),
('message73', 'group37', 'user43', '2024-01-17 19:15:00', NULL, 'Discussing the latest trends in home decor.'),
('message74', 'group37', 'user44', '2024-01-17 20:30:00', 'https://example.com/image74.png', 'Share your favorite quotes.'),
('message75', 'group38', 'user45', '2024-01-17 21:45:00', NULL, 'Discussing the latest tech gadgets.'),
('message76', 'group38', 'user46', '2024-01-17 22:15:00', 'https://example.com/image76.jpg', 'Share your favorite workout routines.'),
('message77', 'group38', 'user47', '2024-01-17 23:30:00', NULL, 'Planning a book club meeting!'),
('message78', 'group38', 'user48', '2024-01-18 08:30:00', 'https://example.com/image78.png', 'What is your favorite board game?'),
('message79', 'group38', 'user49', '2024-01-18 09:45:00', NULL, 'Discussing the latest music releases.'),
('message80', 'group39', 'user50', '2024-01-18 10:15:00', 'https://example.com/image80.jpg', 'Share your recent achievements.'),
('message81', 'group39', 'user51', '2024-01-18 11:30:00', NULL, 'Discussing mindfulness and meditation.'),
('message82', 'group39', 'user52', '2024-01-18 12:00:00', 'https://example.com/image82.png', 'What is your favorite outdoor activity?'),
('message83', 'group39', 'user53', '2024-01-18 13:15:00', NULL, 'Share your favorite breakfast recipes.'),
('message84', 'group39', 'user54', '2024-01-18 14:30:00', 'https://example.com/image84.jpg', 'Discussing upcoming technology trends.'),
('message85', 'group39', 'user55', '2024-01-18 15:45:00', NULL, 'Planning a movie marathon!'),
('message86', 'group39', 'user56', '2024-01-18 16:15:00', 'https://example.com/image86.png', 'Share your favorite quotes.'),
('message87', 'group39', 'user57', '2024-01-18 17:30:00', NULL, 'Discussing the latest fashion trends.'),
('message88', 'group40', 'user58', '2024-01-18 18:00:00', 'https://example.com/image88.jpg', 'What is your favorite travel destination?'),
('message89', 'group40', 'user59', '2024-01-18 19:15:00', NULL, 'Discussing the latest in science and technology.'),
('message90', 'group40', 'user60', '2024-01-18 20:30:00', 'https://example.com/image90.png', 'Share your favorite books.'),
('message91', 'group40', 'user61', '2024-01-18 21:45:00', NULL, 'Planning a photography meetup!'),
('message92', 'group40', 'user62', '2024-01-18 22:15:00', 'https://example.com/image92.jpg', 'What is your favorite workout routine?'),
('message93', 'group40', 'user63', '2024-01-18 23:30:00', NULL, 'Discussing upcoming gaming events.'),
('message94', 'group40', 'user64', '2024-01-19 08:30:00', 'https://example.com/image94.png', 'Share your artwork and get feedback!');


INSERT INTO GroupMembership (userID, groupID, role, joinTime)
VALUES
('user38', 'group16', 'admin', '2024-01-25 09:45:00'),
('user7', 'group16', 'member', '2024-01-25 10:15:00'),
('user14', 'group16', 'member', '2024-01-25 11:30:00'),
('user20', 'group16', 'member', '2024-01-25 12:00:00'),
('user24', 'group16', 'member', '2024-01-25 13:15:00'),
('user29', 'group16', 'member', '2024-01-25 14:30:00'),
('user31', 'group16', 'member', '2024-01-25 15:45:00'),
('user1', 'group17', 'admin', '2024-01-25 16:15:00'),
('user5', 'group17', 'member', '2024-01-25 17:30:00'),
('user8', 'group17', 'member', '2024-01-25 18:00:00'),
('user12', 'group17', 'member', '2024-01-25 19:15:00'),
('user16', 'group17', 'member', '2024-01-25 20:30:00'),
('user19', 'group18', 'admin', '2024-01-25 21:45:00'),
('user22', 'group18', 'member', '2024-01-25 22:15:00'),
('user23', 'group18', 'member', '2024-01-25 23:30:00'),
('user26', 'group18', 'member', '2024-01-26 08:30:00'),
('user2', 'group18', 'member', '2024-01-26 09:45:00'),
('user6', 'group18', 'member', '2024-01-26 10:15:00'),
('user9', 'group18', 'member', '2024-01-26 11:30:00'),
('user13', 'group18', 'member', '2024-01-26 12:00:00'),
('user15', 'group19', 'admin', '2024-01-26 13:15:00'),
('user20', 'group19', 'member', '2024-01-26 14:30:00'),
('user21', 'group19', 'member', '2024-01-26 15:45:00'),
('user26', 'group19', 'member', '2024-01-26 16:15:00'),
('user28', 'group19', 'member', '2024-01-26 17:30:00'),
('user33', 'group19', 'member', '2024-01-26 18:00:00'),
('user37', 'group20', 'admin', '2024-01-26 19:15:00'),
('user39', 'group20', 'member', '2024-01-26 20:30:00'),
('user5', 'group20', 'member', '2024-01-26 21:45:00'),
('user11', 'group20', 'member', '2024-01-26 22:15:00'),
('user17', 'group20', 'member', '2024-01-26 23:30:00'),
('user19', 'group20', 'member', '2024-01-27 08:30:00'),
('user22', 'group20', 'member', '2024-01-27 09:45:00'),
('user27', 'group21', 'admin', '2024-01-27 10:15:00'),
('user30', 'group21', 'member', '2024-01-27 11:30:00'),
('user31', 'group21', 'member', '2024-01-27 12:00:00'),
('user4', 'group21', 'member', '2024-01-27 13:15:00'),
('user7', 'group21', 'member', '2024-01-27 14:30:00'),
('user12', 'group21', 'member', '2024-01-27 15:45:00'),
('user14', 'group21', 'member', '2024-01-27 16:15:00'),
('user16', 'group21', 'member', '2024-01-27 17:30:00'),
('user18', 'group21', 'member', '2024-01-27 18:00:00'),
('user24', 'group22', 'admin', '2024-01-27 19:15:00'),
('user29', 'group22', 'member', '2024-01-27 20:30:00'),
('user35', 'group22', 'member', '2024-01-27 21:45:00'),
('user38', 'group22', 'member', '2024-01-27 22:15:00'),
('user2', 'group22', 'member', '2024-01-27 23:30:00'),
('user6', 'group23', 'admin', '2024-01-28 08:30:00'),
('user9', 'group23', 'member', '2024-01-28 09:45:00'),
('user13', 'group23', 'member', '2024-01-28 10:15:00'),
('user15', 'group23', 'member', '2024-01-28 11:30:00'),
('user20', 'group23', 'member', '2024-01-28 12:00:00'),
('user21', 'group23', 'member', '2024-01-28 13:15:00'),
('user26', 'group24', 'admin', '2024-01-28 14:30:00'),
('user28', 'group24', 'member', '2024-01-28 15:45:00'),
('user33', 'group24', 'member', '2024-01-28 16:15:00'),
('user37', 'group24', 'member', '2024-01-28 17:30:00'),
('user39', 'group24', 'member', '2024-01-28 18:00:00'),
('user5', 'group24', 'member', '2024-01-28 19:15:00'),
('user11', 'group24', 'member', '2024-01-28 20:30:00'),
('user17', 'group24', 'member', '2024-01-28 21:45:00'),
('user19', 'group25', 'admin', '2024-01-28 22:15:00'),
('user22', 'group25', 'member', '2024-01-28 23:30:00'),
('user27', 'group25', 'member', '2024-01-29 08:30:00'),
('user30', 'group25', 'member', '2024-01-29 09:45:00'),
('user31', 'group25', 'member', '2024-01-29 10:15:00'),
('user4', 'group25', 'member', '2024-01-29 11:30:00'),
('user7', 'group25', 'member', '2024-01-29 12:00:00'),
('user12', 'group26', 'admin', '2024-01-29 13:15:00'),
('user14', 'group26', 'member', '2024-01-29 14:30:00'),
('user16', 'group26', 'member', '2024-01-29 15:45:00'),
('user18', 'group26', 'member', '2024-01-29 16:15:00'),
('user24', 'group26', 'member', '2024-01-29 17:30:00'),
('user29', 'group26', 'member', '2024-01-29 18:00:00'),
('user35', 'group27', 'admin', '2024-01-29 19:15:00'),
('user38', 'group27', 'member', '2024-01-29 20:30:00'),
('user2', 'group27', 'member', '2024-01-29 21:45:00'),
('user6', 'group27', 'member', '2024-01-29 22:15:00'),
('user9', 'group27', 'member', '2024-01-29 23:30:00'),
('user13', 'group27', 'member', '2024-01-30 08:30:00'),
('user15', 'group27', 'member', '2024-01-30 09:45:00'),
('user20', 'group27', 'member', '2024-01-30 10:15:00'),
('user21', 'group28', 'admin', '2024-01-30 11:30:00'),
('user23', 'group28', 'member', '2024-01-30 12:00:00'),
('user26', 'group28', 'member', '2024-01-30 13:15:00'),
('user28', 'group28', 'member', '2024-01-30 14:30:00'),
('user33', 'group28', 'member', '2024-01-30 15:45:00'),
('user37', 'group28', 'member', '2024-01-30 16:15:00'),
('user39', 'group28', 'member', '2024-01-30 17:30:00'),
('user5', 'group29', 'admin', '2024-01-30 18:00:00'),
('user11', 'group29', 'member', '2024-01-30 19:15:00'),
('user17', 'group29', 'member', '2024-01-30 20:30:00'),
('user19', 'group29', 'member', '2024-01-30 21:45:00'),
('user22', 'group29', 'member', '2024-01-30 22:15:00'),
('user27', 'group29', 'member', '2024-01-30 23:30:00'),
('user30', 'group30', 'admin', '2024-01-31 08:30:00'),
('user31', 'group30', 'member', '2024-01-31 09:45:00'),
('user4', 'group30', 'member', '2024-01-31 10:15:00'),
('user7', 'group30', 'member', '2024-01-31 11:30:00'),
('user12', 'group30', 'member', '2024-01-31 12:00:00'),
('user14', 'group30', 'member', '2024-01-31 13:15:00'),
('user16', 'group30', 'member', '2024-01-31 14:30:00'),
('user18', 'group30', 'member', '2024-01-31 15:45:00'),
('user24', 'group31', 'admin', '2024-01-31 16:15:00'),
('user29', 'group31', 'member', '2024-01-31 17:30:00'),
('user35', 'group31', 'member', '2024-01-31 18:00:00'),
('user38', 'group31', 'member', '2024-01-31 19:15:00'),
('user2', 'group31', 'member', '2024-01-31 20:30:00'),
('user6', 'group31', 'member', '2024-01-31 21:45:00'),
('user9', 'group31', 'member', '2024-01-31 22:15:00'),
('user13', 'group32', 'admin', '2024-01-31 23:30:00'),
('user15', 'group32', 'member', '2024-02-01 08:30:00'),
('user20', 'group32', 'member', '2024-02-01 09:45:00'),
('user21', 'group32', 'member', '2024-02-01 10:15:00'),
('user26', 'group32', 'member', '2024-02-01 11:30:00'),
('user28', 'group32', 'member', '2024-02-01 12:00:00'),
('user24', 'group1', 'admin', '2024-02-01 12:00:00'),
('user84', 'group23', 'admin', '2024-02-01 12:00:00');

INSERT INTO Community (communityID, ownerID, communityName, communityDescription, communityPictureUrl)
VALUES
('community1', 'user1', 'Tech Enthusiasts', 'A community for passionate tech enthusiasts to discuss the latest trends and innovations in the world of technology.', 'https://example.com/tech_community_picture'),
('community2', 'user2', 'Photography Lovers', 'Join us if you have a keen interest in photography! Share your best shots, tips, and experiences with fellow photographers.', 'https://example.com/photography_community_picture'),
('community3', 'user3', 'Healthy Living', 'Embrace a healthier lifestyle with our community! Share fitness tips, nutritious recipes, and personal wellness journeys.', 'https://example.com/health_community_picture'),
('community4', 'user4', 'Book Club', 'For avid readers who love diving into captivating stories. Join us to discuss and discover new books together.', 'https://example.com/book_community_picture'),
('community5', 'user5', 'Travel Enthusiasts', 'Explore the world with fellow travel enthusiasts! Share your travel stories, tips, and favorite destinations.', 'https://example.com/travel_community_picture'),
('community6', 'user6', 'Artists Workshop', 'Connect with fellow artists to showcase your creations, get feedback, and engage in discussions about various art forms.', 'https://example.com/art_community_picture'),
('community7', 'user7', 'Science Buffs', 'For those who are passionate about science and discovery. Join us for engaging discussions on scientific breakthroughs and mysteries.', 'https://example.com/science_community_picture'),
('community8', 'user8', 'Music Vibes', 'A space for music lovers to share their favorite tunes, discuss the latest albums, and connect with other music enthusiasts.', 'https://example.com/music_community_picture'),
('community9', 'user9', 'Gaming Galaxy', 'Join our gaming community to connect with fellow gamers, discuss game strategies, and share your gaming experiences.', 'https://example.com/gaming_community_picture'),
('community10', 'user10', 'Fashionistas', 'Explore the world of fashion with our community! Share your style, discover trends, and discuss fashion-related topics.', 'https://example.com/fashion_community_picture'),
('community11', 'user11', 'Entrepreneurial Minds', 'Connect with like-minded individuals who are passionate about entrepreneurship. Share tips, experiences, and collaborate on business ideas.', 'https://example.com/entrepreneurship_community_picture'),
('community12', 'user12', 'Foodies Haven', 'For those who love exploring diverse cuisines! Share your favorite recipes, restaurant recommendations, and culinary adventures.', 'https://example.com/food_community_picture'),
('community13', 'user13', 'Fitness Freaks', 'Join our fitness community to stay motivated and share your fitness journey. Discuss workouts, nutrition, and wellness tips.', 'https://example.com/fitness_community_picture'),
('community14', 'user14', 'Movie Buffs', 'A community for movie enthusiasts to discuss their favorite films, upcoming releases, and cinematic experiences.', 'https://example.com/movie_community_picture'),
('community15', 'user15', 'Coding Corner', 'Connect with fellow programmers and developers. Share coding tips, discuss programming languages, and collaborate on projects.', 'https://example.com/coding_community_picture'),
('community16', 'user16', 'Pet Lovers', 'For all pet enthusiasts! Share adorable pet pictures, seek advice on pet care, and connect with other animal lovers.', 'https://example.com/pet_community_picture'),
('community17', 'user17', 'Environmental Advocates', 'Join us in making a positive impact on the environment. Discuss eco-friendly practices, share tips, and participate in green initiatives.', 'https://example.com/environment_community_picture'),
('community18', 'user18', 'DIY Crafts', 'Connect with creative individuals who love DIY projects. Share your craft creations, ideas, and DIY tutorials.', 'https://example.com/diy_community_picture'),
('community19', 'user19', 'Mental Health Support', 'A safe space for discussions on mental health. Share coping strategies, experiences, and support each other on the journey to mental well-being.', 'https://example.com/mental_health_community_picture'),
('community20', 'user20', 'Language Learners', 'Connect with language enthusiasts from around the world. Share language learning tips, resources, and practice speaking with fellow learners.', 'https://example.com/language_community_picture'),
('community21', 'user21', 'Parenting Hub', 'For parents to share parenting tips, experiences, and support each other in the beautiful journey of raising children.', 'https://example.com/parenting_community_picture'),
('community22', 'user22', 'Tech Innovators', 'A community for those passionate about tech innovation. Discuss emerging technologies, startups, and futuristic ideas.', 'https://example.com/tech_innovation_community_picture'),
('community23', 'user23', 'Outdoor Adventures', 'Connect with fellow outdoor enthusiasts! Share your hiking, camping, and adventure stories, and discover new outdoor destinations.', 'https://example.com/outdoor_community_picture'),
('community24', 'user24', 'Anime Fans', 'For anime enthusiasts to discuss their favorite anime series, characters, and engage in anime-related discussions.', 'https://example.com/anime_community_picture'),
('community25', 'user25', 'Self-Development Journey', 'Join our community to share self-improvement tips, personal development experiences, and motivate each other to grow.', 'https://example.com/self_development_community_picture'),
('community26', 'user26', 'Board Game Enthusiasts', 'Connect with fellow board game lovers! Share your favorite board games, strategies, and organize gaming sessions with the community.', 'https://example.com/board_game_community_picture'),
('community27', 'user27', 'Futuristic Fashion', 'Explore the future of fashion with our community. Discuss futuristic fashion trends, innovative designs, and sustainable fashion practices.', 'https://example.com/futuristic_fashion_community_picture'),
('community28', 'user28', 'Virtual Reality Explorers', 'A community for VR enthusiasts. Share your virtual reality experiences, discuss VR technology, and explore the virtual realms together.', 'https://example.com/vr_community_picture'),
('community29', 'user29', 'Culinary Delights', 'For food lovers who appreciate culinary delights. Share gourmet recipes, cooking techniques, and culinary discoveries.', 'https://example.com/culinary_delights_community_picture'),
('community30', 'user30', 'Science Fiction Fanatics', 'Connect with fans of science fiction! Discuss your favorite sci-fi books, movies, and explore the vast realms of speculative fiction.', 'https://example.com/sci_fi_community_picture'),
('community31', 'user31', 'Graphic Design Gurus', 'A community for graphic designers to showcase their work, share design tips, and discuss the latest trends in graphic design.', 'https://example.com/graphic_design_community_picture'),
('community32', 'user32', 'Wellness Warriors', 'Join us on the journey to holistic wellness. Share tips on mental, physical, and emotional well-being, and inspire each other to live a balanced life.', 'https://example.com/wellness_community_picture'),
('community33', 'user33', 'Tech for Good', 'Explore the intersection of technology and social impact. Discuss initiatives, projects, and innovations that leverage technology for positive change.', 'https://example.com/tech_for_good_community_picture'),
('community34', 'user34', 'Vintage Collectors', 'For collectors of vintage items! Share your collections, discuss the history of vintage pieces, and connect with fellow collectors.', 'https://example.com/vintage_collectors_community_picture'),
('community35', 'user35', 'Green Living', 'Join our community to explore sustainable and eco-friendly living practices. Share tips on reducing environmental impact and promoting a greener lifestyle.', 'https://example.com/green_living_community_picture'),
('community36', 'user36', 'Educators Network', 'Connect with educators from around the world. Share teaching strategies, resources, and collaborate on innovative educational initiatives.', 'https://example.com/educators_network_community_picture'),
('community37', 'user37', 'Tech for Education', 'A community dedicated to exploring the role of technology in education. Discuss edtech trends, innovations, and the future of learning.', 'https://example.com/tech_for_education_community_picture'),
('community38', 'user38', 'Fitness Challenges', 'Join our community to take on fitness challenges, set goals, and motivate each other on the path to a healthier and more active lifestyle.', 'https://example.com/fitness_challenges_community_picture'),
('community39', 'user39', 'Digital Nomads Hub', 'Connect with fellow digital nomads! Share tips on remote work, travel experiences, and embrace the lifestyle of working from anywhere.', 'https://example.com/digital_nomads_community_picture'),
('community40', 'user40', 'Mindful Living', 'A community focused on mindfulness and conscious living. Share practices, insights, and support each other in cultivating a mindful and balanced life.', 'https://example.com/mindful_living_community_picture');

INSERT INTO CommunityMembership (userID, communityID, role, joinTime)
VALUES
('user1', 'community1', 'admin', '2024-01-16 17:30:00'),
('user1', 'community5', 'member', '2024-01-16 18:00:00'),
('user1', 'community10', 'member', '2024-01-16 19:15:00'),
('user2', 'community2', 'admin', '2024-01-16 20:30:00'),
('user2', 'community7', 'member', '2024-01-16 21:45:00'),
('user2', 'community15', 'member', '2024-01-16 22:15:00'),
('user3', 'community3', 'admin', '2024-01-16 23:30:00'),
('user3', 'community8', 'member', '2024-01-17 08:30:00'),
('user3', 'community21', 'member', '2024-01-17 09:45:00'),
('user4', 'community4', 'admin', '2024-01-17 10:15:00'),
('user4', 'community12', 'member', '2024-01-17 11:30:00'),
('user4', 'community25', 'member', '2024-01-17 12:00:00'),
('user5', 'community5', 'member', '2024-01-17 13:15:00'),
('user5', 'community19', 'member', '2024-01-17 14:30:00'),
('user5', 'community33', 'admin', '2024-01-17 15:45:00'),
('user6', 'community6', 'member', '2024-01-17 16:15:00'),
('user6', 'community18', 'admin', '2024-01-17 17:30:00'),
('user6', 'community28', 'member', '2024-01-17 18:00:00'),
('user7', 'community7', 'member', '2024-01-17 19:15:00'),
('user7', 'community13', 'member', '2024-01-17 20:30:00'),
('user7', 'community36', 'member', '2024-01-17 21:45:00'),
('user8', 'community8', 'member', '2024-01-17 22:15:00'),
('user8', 'community17', 'member', '2024-01-17 23:30:00'),
('user8', 'community31', 'member', '2024-01-18 08:30:00'),
('user9', 'community9', 'member', '2024-01-18 09:45:00'),
('user9', 'community20', 'admin', '2024-01-18 10:15:00'),
('user9', 'community38', 'admin', '2024-01-18 11:30:00'),
('user10', 'community10', 'member', '2024-01-18 12:00:00'),
('user10', 'community16', 'member', '2024-01-18 13:15:00'),
('user10', 'community32', 'member', '2024-01-18 14:30:00'),
('user11', 'community11', 'admin', '2024-01-18 15:45:00'),
('user11', 'community26', 'member', '2024-01-18 16:15:00'),
('user11', 'community39', 'admin', '2024-01-18 17:30:00'),
('user12', 'community12', 'member', '2024-01-18 18:00:00'),
('user12', 'community27', 'member', '2024-01-18 19:15:00'),
('user12', 'community40', 'member', '2024-01-18 20:30:00'),
('user13', 'community13', 'member', '2024-01-18 21:45:00'),
('user13', 'community29', 'admin', '2024-01-18 22:15:00'),
('user13', 'community35', 'member', '2024-01-18 23:30:00'),
('user14', 'community14', 'member', '2024-01-19 08:30:00'),
('user14', 'community22', 'member', '2024-01-19 09:45:00'),
('user14', 'community37', 'admin', '2024-01-19 10:15:00'),
('user15', 'community15', 'member', '2024-01-19 11:30:00'),
('user15', 'community23', 'member', '2024-01-19 12:00:00'),
('user15', 'community34', 'member', '2024-01-19 13:15:00'),
('user16', 'community16', 'admin', '2024-01-19 14:30:00'),
('user16', 'community30', 'member', '2024-01-19 15:45:00'),
('user16', 'community39', 'member', '2024-01-19 16:15:00'),
('user17', 'community17', 'member', '2024-01-19 17:30:00'),
('user17', 'community24', 'admin', '2024-01-19 18:00:00'),
('user17', 'community33', 'member', '2024-01-19 19:15:00'),
('user18', 'community18', 'member', '2024-01-19 20:30:00'),
('user18', 'community35', 'admin', '2024-01-19 21:45:00'),
('user18', 'community37', 'member', '2024-01-19 22:15:00'),
('user19', 'community19', 'admin', '2024-01-19 23:30:00'),
('user19', 'community26', 'member', '2024-01-20 08:30:00'),
('user19', 'community38', 'member', '2024-01-20 09:45:00'),
('user20', 'community20', 'member', '2024-01-20 10:15:00'),
('user20', 'community31', 'admin', '2024-01-20 11:30:00'),
('user20', 'community34', 'member', '2024-01-20 12:00:00'),
('user21', 'community21', 'admin', '2024-01-20 13:15:00'),
('user21', 'community27', 'member', '2024-01-20 14:30:00'),
('user21', 'community32', 'member', '2024-01-20 15:45:00'),
('user22', 'community22', 'admin', '2024-01-20 16:15:00'),
('user22', 'community30', 'member', '2024-01-20 17:30:00'),
('user22', 'community38', 'member', '2024-01-20 18:00:00'),
('user23', 'community23', 'member', '2024-01-20 19:15:00'),
('user23', 'community29', 'admin', '2024-01-20 20:30:00'),
('user23', 'community40', 'member', '2024-01-20 21:45:00'),
('user24', 'community24', 'member', '2024-01-20 22:15:00'),
('user24', 'community35', 'member', '2024-01-20 23:30:00'),
('user24', 'community36', 'admin', '2024-01-21 08:30:00'),
('user25', 'community25', 'member', '2024-01-21 09:45:00'),
('user25', 'community28', 'member', '2024-01-21 10:15:00'),
('user25', 'community33', 'member', '2024-01-21 11:30:00'),
('user26', 'community26', 'admin', '2024-01-21 12:00:00'),
('user26', 'community29', 'member', '2024-01-21 13:15:00'),
('user26', 'community39', 'member', '2024-01-21 14:30:00'),
('user27', 'community27', 'member', '2024-01-21 15:45:00'),
('user27', 'community31', 'member', '2024-01-21 16:15:00'),
('user27', 'community34', 'admin', '2024-01-21 17:30:00'),
('user28', 'community28', 'member', '2024-01-21 18:00:00'),
('user28', 'community36', 'member', '2024-01-21 19:15:00'),
('user28', 'community38', 'member', '2024-01-21 20:30:00'),
('user29', 'community29', 'member', '2024-01-21 21:45:00'),
('user29', 'community32', 'member', '2024-01-21 22:15:00'),
('user29', 'community33', 'admin', '2024-01-21 23:30:00'),
('user30', 'community30', 'member', '2024-01-22 09:45:00'),
('user30', 'community35', 'member', '2024-01-22 10:15:00'),
('user30', 'community37', 'member', '2024-01-22 11:30:00'),
('user31', 'community31', 'admin', '2024-01-22 12:00:00'),
('user31', 'community39', 'member', '2024-01-22 13:15:00'),
('user31', 'community40', 'member', '2024-01-22 14:30:00'),
('user32', 'community32', 'member', '2024-01-22 15:45:00'),
('user32', 'community34', 'admin', '2024-01-22 16:15:00'),
('user32', 'community36', 'member', '2024-01-22 17:30:00'),
('user33', 'community33', 'admin', '2024-01-22 18:00:00'),
('user33', 'community38', 'member', '2024-01-22 19:15:00'),
('user33', 'community40', 'admin', '2024-01-22 20:30:00'),
('user34', 'community34', 'member', '2024-01-22 21:45:00'),
('user34', 'community35', 'member', '2024-01-22 22:15:00'),
('user34', 'community38', 'member', '2024-01-22 23:30:00'),
('user35', 'community35', 'member', '2024-01-23 08:30:00'),
('user35', 'community36', 'member', '2024-01-23 09:45:00'),
('user35', 'community38', 'member', '2024-01-23 10:15:00'),
('user36', 'community36', 'member', '2024-01-23 11:30:00'),
('user36', 'community38', 'member', '2024-01-23 12:00:00'),
('user36', 'community40', 'member', '2024-01-23 13:15:00'),
('user37', 'community37', 'member', '2024-01-23 14:30:00'),
('user37', 'community39', 'admin', '2024-01-23 15:45:00'),
('user37', 'community40', 'member', '2024-01-23 16:15:00'),
('user38', 'community38', 'member', '2024-01-23 17:30:00'),
('user38', 'community39', 'member', '2024-01-23 18:00:00'),
('user38', 'community40', 'admin', '2024-01-23 19:15:00'),
('user39', 'community39', 'member', '2024-01-23 20:30:00'),
('user39', 'community40', 'member', '2024-01-23 21:45:00'),
('user39', 'community1', 'member', '2024-01-23 22:15:00'),
('user40', 'community40', 'member', '2024-01-23 23:30:00'),
('user40', 'community1', 'admin', '2024-01-24 08:30:00'),
('user40', 'community10', 'admin', '2024-01-24 09:45:00'),
('user40', 'community2', 'admin', '2024-01-24 10:15:00'),
('user40', 'community6', 'member', '2024-01-24 11:30:00'),
('user40', 'community14', 'member', '2024-01-24 12:00:00'),
('user41', 'community1', 'admin', '2024-01-24 13:15:00'),
('user41', 'community5', 'member', '2024-01-24 14:30:00'),
('user41', 'community11', 'member', '2024-01-24 15:45:00'),
('user42', 'community4', 'admin', '2024-01-24 16:15:00'),
('user42', 'community8', 'member', '2024-01-24 17:30:00'),
('user42', 'community17', 'member', '2024-01-24 18:00:00'),
('user43', 'community3', 'admin', '2024-01-24 19:15:00'),
('user43', 'community7', 'member', '2024-01-24 20:30:00'),
('user43', 'community16', 'member', '2024-01-24 21:45:00'),
('user44', 'community5', 'admin', '2024-01-24 22:15:00'),
('user44', 'community9', 'member', '2024-01-24 23:30:00'),
('user44', 'community20', 'member', '2024-01-25 08:30:00'),
('user45', 'community6', 'admin', '2024-01-25 09:45:00'),
('user45', 'community10', 'member', '2024-01-25 10:15:00'),
('user45', 'community23', 'member', '2024-01-25 11:30:00'),
('user46', 'community7', 'admin', '2024-01-25 12:00:00'),
('user46', 'community11', 'member', '2024-01-25 13:15:00'),
('user46', 'community25', 'member', '2024-01-25 14:30:00'),
('user47', 'community8', 'admin', '2024-01-25 15:45:00'),
('user47', 'community12', 'member', '2024-01-25 16:15:00'),
('user47', 'community22', 'member', '2024-01-25 17:30:00'),
('user48', 'community9', 'admin', '2024-01-25 18:00:00'),
('user48', 'community13', 'member', '2024-01-25 19:15:00'),
('user48', 'community26', 'member', '2024-01-25 20:30:00'),
('user49', 'community10', 'admin', '2024-01-25 21:45:00'),
('user49', 'community14', 'member', '2024-01-25 22:15:00'),
('user49', 'community27', 'member', '2024-01-25 23:30:00'),
('user50', 'community11', 'admin', '2024-01-26 08:30:00'),
('user50', 'community15', 'member', '2024-01-26 09:45:00'),
('user50', 'community28', 'member', '2024-01-26 10:15:00');


INSERT INTO CommunityPosts (postID, communityID, postTime)
VALUES
('post1', 'community1', '2024-01-26 11:30:00'),
('post2', 'community1', '2024-01-26 12:00:00'),
('post3', 'community1', '2024-01-26 13:15:00'),
('post4', 'community2', '2024-01-26 14:30:00'),
('post5', 'community2', '2024-01-26 15:45:00'),
('post6', 'community3', '2024-01-26 16:15:00'),
('post7', 'community3', '2024-01-26 17:30:00'),
('post8', 'community3', '2024-01-26 18:00:00'),
('post9', 'community4', '2024-01-26 19:15:00'),
('post10', 'community4', '2024-01-26 20:30:00'),
('post11', 'community4', '2024-01-26 21:45:00'),
('post12', 'community5', '2024-01-26 22:15:00'),
('post13', 'community5', '2024-01-26 23:30:00'),
('post14', 'community5', '2024-01-27 08:30:00'),
('post15', 'community5', '2024-01-27 09:45:00'),
('post16', 'community6', '2024-01-27 10:15:00'),
('post17', 'community6', '2024-01-27 11:30:00'),
('post18', 'community6', '2024-01-27 12:00:00'),
('post19', 'community7', '2024-01-27 13:15:00'),
('post20', 'community7', '2024-01-27 14:30:00'),
('post21', 'community7', '2024-01-27 15:45:00'),
('post22', 'community8', '2024-01-27 16:15:00'),
('post23', 'community8', '2024-01-27 17:30:00'),
('post24', 'community8', '2024-01-27 18:00:00'),
('post25', 'community9', '2024-01-27 19:15:00'),
('post26', 'community9', '2024-01-27 20:30:00'),
('post27', 'community10', '2024-01-27 21:45:00'),
('post28', 'community10', '2024-01-27 22:15:00'),
('post29', 'community10', '2024-01-27 23:30:00'),
('post30', 'community11', '2024-01-28 08:30:00'),
('post31', 'community11', '2024-01-28 09:45:00'),
('post32', 'community11', '2024-01-28 10:15:00'),
('post33', 'community12', '2024-01-28 11:30:00'),
('post34', 'community12', '2024-01-28 12:00:00'),
('post35', 'community12', '2024-01-28 13:15:00'),
('post36', 'community13', '2024-01-28 14:30:00'),
('post37', 'community13', '2024-01-28 15:45:00'),
('post38', 'community14', '2024-01-28 16:15:00'),
('post39', 'community14', '2024-01-28 17:30:00'),
('post40', 'community14', '2024-01-28 18:00:00'),
('post41', 'community1', '2024-01-28 19:15:00'),
('post42', 'community1', '2024-01-28 20:30:00'),
('post43', 'community1', '2024-01-28 21:45:00'),
('post44', 'community15', '2024-01-28 22:15:00'),
('post45', 'community16', '2024-01-28 23:30:00'),
('post46', 'community17', '2024-01-29 08:30:00'),
('post47', 'community18', '2024-01-29 09:45:00'),
('post48', 'community19', '2024-01-29 10:15:00'),
('post49', 'community20', '2024-01-29 11:30:00'),
('post50', 'community21', '2024-01-29 12:00:00'),
('post51', 'community22', '2024-01-29 13:15:00'),
('post52', 'community23', '2024-01-29 14:30:00'),
('post53', 'community24', '2024-01-29 15:45:00'),
('post54', 'community25', '2024-01-29 16:15:00'),
('post55', 'community26', '2024-01-29 17:30:00'),
('post56', 'community27', '2024-01-29 18:00:00'),
('post57', 'community28', '2024-01-29 19:15:00'),
('post58', 'community29', '2024-01-29 20:30:00'),
('post59', 'community30', '2024-01-29 21:45:00'),
('post60', 'community31', '2024-01-29 22:15:00'),
('post61', 'community32', '2024-01-29 23:30:00'),
('post62', 'community33', '2024-01-30 08:30:00'),
('post63', 'community34', '2024-01-30 09:45:00'),
('post64', 'community35', '2024-01-30 10:15:00'),
('post65', 'community36', '2024-01-30 11:30:00'),
('post66', 'community37', '2024-01-30 12:00:00'),
('post67', 'community38', '2024-01-30 13:15:00'),
('post68', 'community39', '2024-01-30 14:30:00'),
('post69', 'community40', '2024-01-30 15:45:00'),
('post70', 'community40', '2024-01-30 16:15:00'),
('post71', 'community39', '2024-01-30 17:30:00'),
('post72', 'community38', '2024-01-30 18:00:00'),
('post73', 'community37', '2024-01-30 19:15:00'),
('post74', 'community36', '2024-01-30 20:30:00'),
('post75', 'community35', '2024-01-30 21:45:00'),
('post76', 'community34', '2024-01-30 22:15:00'),
('post77', 'community33', '2024-01-30 23:30:00'),
('post78', 'community32', '2024-01-31 08:30:00'),
('post79', 'community31', '2024-01-31 09:45:00'),
('post80', 'community30', '2024-01-31 10:15:00'),
('post81', 'community1', '2024-01-31 11:30:00'),
('post82', 'community1', '2024-01-31 12:00:00'),
('post83', 'community2', '2024-01-31 13:15:00'),
('post84', 'community2', '2024-01-31 14:30:00'),
('post85', 'community2', '2024-01-31 15:45:00'),
('post86', 'community3', '2024-01-31 16:15:00'),
('post87', 'community3', '2024-01-31 17:30:00'),
('post88', 'community3', '2024-01-31 18:00:00'),
('post89', 'community3', '2024-01-31 19:15:00'),
('post90', 'community4', '2024-01-31 20:30:00'),
('post91', 'community4', '2024-01-31 21:45:00'),
('post92', 'community4', '2024-01-31 22:15:00'),
('post93', 'community5', '2024-01-31 23:30:00'),
('post94', 'community6', '2024-02-01 08:30:00'),
('post95', 'community6', '2024-02-01 09:45:00'),
('post96', 'community6', '2024-02-01 10:15:00'),
('post97', 'community7', '2024-02-01 11:30:00'),
('post98', 'community7', '2024-02-01 12:00:00'),
('post99', 'community7', '2024-02-01 13:15:00'),
('post100', 'community7', '2024-02-01 14:30:00'),
('post101', 'community8', '2024-02-01 15:45:00'),
('post102', 'community8', '2024-02-01 16:15:00'),
('post103', 'community8', '2024-02-01 17:30:00'),
('post104', 'community8', '2024-02-01 18:00:00'),
('post105', 'community9', '2024-02-01 19:15:00'),
('post106', 'community9', '2024-02-01 20:30:00'),
('post107', 'community10', '2024-02-01 21:45:00'),
('post108', 'community10', '2024-02-01 22:15:00'),
('post109', 'community10', '2024-02-01 23:30:00'),
('post110', 'community11', '2024-02-02 08:30:00'),
('post111', 'community12', '2024-02-02 09:45:00'),
('post112', 'community12', '2024-02-02 10:15:00'),
('post113', 'community12', '2024-02-02 11:30:00'),
('post114', 'community13', '2024-02-02 12:00:00'),
('post115', 'community13', '2024-02-02 13:15:00'),
('post116', 'community13', '2024-02-02 14:30:00'),
('post117', 'community14', '2024-02-02 15:45:00'),
('post118', 'community14', '2024-02-02 16:15:00'),
('post119', 'community14', '2024-02-02 17:30:00'),
('post120', 'community14', '2024-02-02 18:00:00'),
('post121', 'community15', '2024-02-02 19:15:00'),
('post122', 'community15', '2024-02-02 20:30:00'),
('post123', 'community15', '2024-02-02 21:45:00'),
('post124', 'community16', '2024-02-03 08:30:00'),
('post125', 'community16', '2024-02-03 09:45:00'),
('post126', 'community17', '2024-02-03 10:15:00'),
('post127', 'community17', '2024-02-03 11:30:00'),
('post128', 'community17', '2024-02-03 12:00:00'),
('post129', 'community18', '2024-02-03 13:15:00'),
('post130', 'community18', '2024-02-03 14:30:00'),
('post131', 'community18', '2024-02-03 15:45:00'),
('post132', 'community18', '2024-02-03 16:15:00'),
('post133', 'community19', '2024-02-03 17:30:00'),
('post134', 'community19', '2024-02-03 18:00:00'),
('post135', 'community19', '2024-02-03 19:15:00'),
('post136', 'community20', '2024-02-03 20:30:00'),
('post137', 'community20', '2024-02-03 21:45:00'),
('post138', 'community20', '2024-02-03 22:15:00'),
('post139', 'community21', '2024-02-03 23:30:00'),
('post140', 'community22', '2024-02-04 08:30:00'),
('post141', 'community22', '2024-02-04 09:45:00'),
('post142', 'community22', '2024-02-04 10:15:00'),
('post143', 'community23', '2024-02-04 11:30:00'),
('post144', 'community23', '2024-02-04 12:00:00'),
('post145', 'community23', '2024-02-04 13:15:00'),
('post146', 'community24', '2024-02-04 14:30:00'),
('post147', 'community24', '2024-02-04 15:45:00'),
('post148', 'community24', '2024-02-04 16:15:00'),
('post149', 'community25', '2024-02-04 17:30:00'),
('post150', 'community25', '2024-02-04 18:00:00'),
('post151', 'community25', '2024-02-04 19:15:00'),
('post152', 'community25', '2024-02-04 20:30:00'),
('post153', 'community26', '2024-02-04 21:45:00'),
('post154', 'community26', '2024-02-04 22:15:00'),
('post155', 'community26', '2024-02-04 23:30:00'),
('post156', 'community27', '2024-02-05 08:30:00'),
('post157', 'community27', '2024-02-05 09:45:00'),
('post158', 'community27', '2024-02-05 10:15:00'),
('post159', 'community28', '2024-02-05 11:30:00'),
('post160', 'community28', '2024-02-05 12:00:00'),
('post161', 'community28', '2024-02-05 13:15:00'),
('post162', 'community29', '2024-02-05 14:30:00'),
('post163', 'community29', '2024-02-05 15:45:00'),
('post164', 'community29', '2024-02-05 16:15:00'),
('post165', 'community30', '2024-02-05 17:30:00'),
('post166', 'community30', '2024-02-05 18:00:00'),
('post167', 'community30', '2024-02-05 19:15:00'),
('post39', 'community1', '2024-02-05 19:15:00'),
('post40', 'community1', '2024-02-05 19:15:00');

INSERT INTO Hashtag (hashtagID, context)
VALUES
('hashtag1', 'programming'),
('hashtag2', 'coding'),
('hashtag3', 'softwaredevelopment'),
('hashtag4', 'webdevelopment'),
('hashtag5', 'datascience'),
('hashtag6', 'machinelearning'),
('hashtag7', 'python'),
('hashtag8', 'javascript'),
('hashtag9', 'frontend'),
('hashtag10', 'backend'),
('hashtag11', 'java'),
('hashtag12', 'cplusplus'),
('hashtag13', 'artificialintelligence'),
('hashtag14', 'technology'),
('hashtag15', 'technews'),
('hashtag16', 'gamedev'),
('hashtag17', 'mobiledev'),
('hashtag18', 'cloudcomputing'),
('hashtag19', 'cybersecurity'),
('hashtag20', 'blockchain'),
('hashtag21', 'dataanalysis'),
('hashtag22', 'codinglife'),
('hashtag23', 'programminghumor'),
('hashtag24', 'webdesign'),
('hashtag25', 'computerscience'),
('hashtag26', 'developercommunity'),
('hashtag27', 'codingtips'),
('hashtag28', 'programmerlife'),
('hashtag29', 'codechallenge'),
('hashtag30', 'devops');

INSERT INTO PostHashtag (postID, hashtagID)
VALUES
('post1', 'hashtag1'),
('post1', 'hashtag5'),
('post2', 'hashtag2'),
('post3', 'hashtag3'),
('post3', 'hashtag7'),
('post3', 'hashtag12'),
('post4', 'hashtag4'),
('post5', 'hashtag8'),
('post5', 'hashtag14'),
('post6', 'hashtag6'),
('post7', 'hashtag9'),
('post8', 'hashtag10'),
('post8', 'hashtag15'),
('post9', 'hashtag11'),
('post9', 'hashtag20'),
('post10', 'hashtag13'),
('post11', 'hashtag16'),
('post12', 'hashtag17'),
('post13', 'hashtag18'),
('post13', 'hashtag23'),
('post13', 'hashtag28'),
('post14', 'hashtag19'),
('post14', 'hashtag24'),
('post15', 'hashtag25'),
('post16', 'hashtag26'),
('post17', 'hashtag21'),
('post18', 'hashtag27'),
('post18', 'hashtag30'),
('post19', 'hashtag22'),
('post20', 'hashtag29'),
('post20', 'hashtag2'),
('post20', 'hashtag11'),
('post21', 'hashtag1'),
('post22', 'hashtag3'),
('post23', 'hashtag6'),
('post24', 'hashtag5'),
('post24', 'hashtag15'),
('post24', 'hashtag26'),
('post25', 'hashtag7'),
('post26', 'hashtag8'),
('post27', 'hashtag12'),
('post28', 'hashtag14'),
('post28', 'hashtag17'),
('post29', 'hashtag18'),
('post29', 'hashtag21'),
('post29', 'hashtag23'),
('post30', 'hashtag9'),
('post31', 'hashtag10'),
('post31', 'hashtag16'),
('post31', 'hashtag19'),
('post32', 'hashtag20'),
('post32', 'hashtag25'),
('post32', 'hashtag29'),
('post33', 'hashtag27'),
('post33', 'hashtag28'),
('post33', 'hashtag30'),
('post34', 'hashtag22'),
('post35', 'hashtag24'),
('post35', 'hashtag26'),
('post36', 'hashtag1'),
('post36', 'hashtag2'),
('post36', 'hashtag3'),
('post37', 'hashtag4'),
('post37', 'hashtag5'),
('post38', 'hashtag6'),
('post39', 'hashtag7'),
('post40', 'hashtag8'),
('post41', 'hashtag9'),
('post41', 'hashtag14'),
('post41', 'hashtag18'),
('post42', 'hashtag21'),
('post43', 'hashtag22'),
('post43', 'hashtag26'),
('post43', 'hashtag30'),
('post44', 'hashtag1'),
('post45', 'hashtag2'),
('post46', 'hashtag3'),
('post46', 'hashtag8'),
('post47', 'hashtag11'),
('post47', 'hashtag17'),
('post48', 'hashtag19'),
('post48', 'hashtag24'),
('post48', 'hashtag27'),
('post49', 'hashtag4'),
('post50', 'hashtag5'),
('post50', 'hashtag15'),
('post51', 'hashtag20'),
('post51', 'hashtag23'),
('post52', 'hashtag28'),
('post53', 'hashtag6'),
('post54', 'hashtag7'),
('post54', 'hashtag10'),
('post54', 'hashtag12'),
('post55', 'hashtag16'),
('post55', 'hashtag21'),
('post56', 'hashtag22'),
('post57', 'hashtag25'),
('post57', 'hashtag29'),
('post58', 'hashtag30'),
('post59', 'hashtag1'),
('post59', 'hashtag8'),
('post60', 'hashtag13'),
('post61', 'hashtag14'),
('post61', 'hashtag17'),
('post62', 'hashtag18'),
('post62', 'hashtag23'),
('post62', 'hashtag27'),
('post63', 'hashtag2'),
('post64', 'hashtag3'),
('post65', 'hashtag5'),
('post65', 'hashtag9'),
('post65', 'hashtag11'),
('post66', 'hashtag12'),
('post66', 'hashtag15'),
('post67', 'hashtag16'),
('post68', 'hashtag20'),
('post68', 'hashtag24'),
('post68', 'hashtag29'),
('post69', 'hashtag6'),
('post69', 'hashtag7'),
('post70', 'hashtag10'),
('post71', 'hashtag13'),
('post72', 'hashtag14'),
('post73', 'hashtag18'),
('post73', 'hashtag21'),
('post74', 'hashtag22'),
('post74', 'hashtag25'),
('post74', 'hashtag28'),
('post75', 'hashtag1'),
('post75', 'hashtag3'),
('post76', 'hashtag4'),
('post77', 'hashtag5'),
('post77', 'hashtag8'),
('post77', 'hashtag12'),
('post78', 'hashtag14'),
('post78', 'hashtag17'),
('post79', 'hashtag19'),
('post79', 'hashtag24'),
('post80', 'hashtag27'),
('post81', 'hashtag2'),
('post82', 'hashtag3'),
('post82', 'hashtag6'),
('post83', 'hashtag9'),
('post83', 'hashtag13'),
('post83', 'hashtag17'),
('post84', 'hashtag18'),
('post85', 'hashtag21'),
('post86', 'hashtag22'),
('post86', 'hashtag25'),
('post87', 'hashtag28'),
('post88', 'hashtag1'),
('post89', 'hashtag4'),
('post89', 'hashtag7'),
('post89', 'hashtag11'),
('post90', 'hashtag12'),
('post91', 'hashtag15'),
('post92', 'hashtag16'),
('post92', 'hashtag20'),
('post93', 'hashtag23'),
('post93', 'hashtag26'),
('post94', 'hashtag29'),
('post94', 'hashtag30'),
('post95', 'hashtag2'),
('post96', 'hashtag5'),
('post97', 'hashtag8'),
('post97', 'hashtag10'),
('post98', 'hashtag13'),
('post98', 'hashtag17'),
('post99', 'hashtag19'),
('post99', 'hashtag22'),
('post100', 'hashtag25'),
('post100', 'hashtag28'),
('post101', 'hashtag1'),
('post101', 'hashtag4'),
('post101', 'hashtag6'),
('post102', 'hashtag9'),
('post103', 'hashtag12'),
('post103', 'hashtag15'),
('post103', 'hashtag18'),
('post104', 'hashtag21'),
('post104', 'hashtag23'),
('post105', 'hashtag26'),
('post106', 'hashtag29'),
('post106', 'hashtag30'),
('post107', 'hashtag2'),
('post108', 'hashtag3'),
('post109', 'hashtag5'),
('post110', 'hashtag8'),
('post111', 'hashtag11'),
('post112', 'hashtag14'),
('post112', 'hashtag16'),
('post113', 'hashtag19'),
('post114', 'hashtag22'),
('post114', 'hashtag25'),
('post115', 'hashtag27'),
('post115', 'hashtag30'),
('post116', 'hashtag1'),
('post117', 'hashtag4'),
('post118', 'hashtag7'),
('post119', 'hashtag9'),
('post119', 'hashtag13'),
('post120', 'hashtag16'),
('post121', 'hashtag18'),
('post122', 'hashtag21'),
('post123', 'hashtag24'),
('post124', 'hashtag27'),
('post125', 'hashtag2'),
('post126', 'hashtag3'),
('post127', 'hashtag6'),
('post127', 'hashtag8'),
('post128', 'hashtag11'),
('post129', 'hashtag14'),
('post130', 'hashtag17'),
('post130', 'hashtag20'),
('post131', 'hashtag23'),
('post132', 'hashtag26'),
('post133', 'hashtag29'),
('post134', 'hashtag30'),
('post135', 'hashtag1'),
('post136', 'hashtag4'),
('post136', 'hashtag7'),
('post137', 'hashtag9'),
('post138', 'hashtag12'),
('post138', 'hashtag15'),
('post139', 'hashtag18'),
('post139', 'hashtag21'),
('post140', 'hashtag24');


INSERT INTO Follow (followerID, followedID, followTime)
VALUES
('user1', 'user3', '2024-01-24 09:45:00'),
('user1', 'user5', '2024-01-24 11:30:00'),
('user1', 'user7', '2024-01-24 13:15:00'),
('user2', 'user4', '2024-01-24 15:45:00'),
('user2', 'user6', '2024-01-24 17:30:00'),
('user3', 'user5', '2024-01-24 19:15:00'),
('user3', 'user7', '2024-01-24 21:45:00'),
('user4', 'user6', '2024-01-25 08:30:00'),
('user4', 'user8', '2024-01-25 10:15:00'),
('user5', 'user7', '2024-01-25 12:00:00'),
('user5', 'user9', '2024-01-25 13:15:00'),
('user6', 'user8', '2024-01-25 14:30:00'),
('user6', 'user10', '2024-01-25 15:45:00'),
('user7', 'user9', '2024-01-25 17:30:00'),
('user7', 'user11', '2024-01-25 19:15:00'),
('user8', 'user10', '2024-01-25 21:45:00'),
('user8', 'user12', '2024-01-26 08:30:00'),
('user9', 'user11', '2024-01-26 10:15:00'),
('user9', 'user13', '2024-01-26 12:00:00'),
('user10', 'user12', '2024-01-26 13:15:00'),
('user10', 'user14', '2024-01-26 14:30:00'),
('user11', 'user13', '2024-01-26 15:45:00'),
('user11', 'user15', '2024-01-26 17:30:00'),
('user12', 'user14', '2024-01-26 19:15:00'),
('user12', 'user16', '2024-01-26 21:45:00'),
('user13', 'user15', '2024-01-27 08:30:00'),
('user13', 'user17', '2024-01-27 10:15:00'),
('user14', 'user16', '2024-01-27 12:00:00'),
('user14', 'user18', '2024-01-27 13:15:00'),
('user15', 'user17', '2024-01-27 14:30:00'),
('user15', 'user19', '2024-01-27 15:45:00'),
('user16', 'user18', '2024-01-27 17:30:00'),
('user16', 'user20', '2024-01-27 19:15:00'),
('user17', 'user19', '2024-01-27 21:45:00'),
('user17', 'user21', '2024-01-28 08:30:00'),
('user18', 'user20', '2024-01-28 10:15:00'),
('user18', 'user22', '2024-01-28 12:00:00'),
('user19', 'user21', '2024-01-28 13:15:00'),
('user19', 'user23', '2024-01-28 14:30:00'),
('user20', 'user22', '2024-01-28 15:45:00'),
('user20', 'user24', '2024-01-28 17:30:00'),
('user21', 'user23', '2024-01-28 19:15:00'),
('user21', 'user25', '2024-01-28 21:45:00'),
('user22', 'user24', '2024-01-29 08:30:00'),
('user22', 'user26', '2024-01-29 10:15:00'),
('user23', 'user25', '2024-01-29 12:00:00'),
('user23', 'user27', '2024-01-29 13:15:00'),
('user24', 'user26', '2024-01-29 14:30:00'),
('user24', 'user28', '2024-01-29 15:45:00'),
('user25', 'user27', '2024-01-29 17:30:00'),
('user25', 'user29', '2024-01-29 19:15:00'),
('user26', 'user28', '2024-01-29 21:45:00'),
('user26', 'user30', '2024-01-30 08:30:00'),
('user27', 'user29', '2024-01-30 10:15:00'),
('user27', 'user31', '2024-01-30 12:00:00'),
('user28', 'user30', '2024-01-30 13:15:00'),
('user28', 'user32', '2024-01-30 14:30:00'),
('user29', 'user31', '2024-01-30 15:45:00'),
('user29', 'user33', '2024-01-30 17:30:00'),
('user30', 'user32', '2024-01-30 19:15:00'),
('user30', 'user34', '2024-01-30 21:45:00'),
('user31', 'user33', '2024-01-31 08:30:00'),
('user31', 'user35', '2024-01-31 10:15:00'),
('user32', 'user34', '2024-01-31 12:00:00'),
('user32', 'user36', '2024-01-31 13:15:00'),
('user33', 'user35', '2024-01-31 14:30:00'),
('user33', 'user37', '2024-01-31 15:45:00'),
('user34', 'user36', '2024-01-31 17:30:00'),
('user34', 'user38', '2024-01-31 19:15:00'),
('user35', 'user37', '2024-01-31 21:45:00'),
('user35', 'user39', '2024-02-01 08:30:00'),
('user36', 'user38', '2024-02-01 10:15:00'),
('user36', 'user40', '2024-02-01 12:00:00'),
('user37', 'user39', '2024-02-01 13:15:00'),
('user37', 'user1', '2024-02-01 14:30:00'),
('user38', 'user40', '2024-02-01 15:45:00'),
('user38', 'user2', '2024-02-01 17:30:00'),
('user39', 'user1', '2024-02-01 19:15:00'),
('user39', 'user3', '2024-02-01 21:45:00'),
('user40', 'user2', '2024-02-02 08:30:00'),
('user40', 'user4', '2024-02-02 10:15:00'),
('user40', 'user5', '2024-02-02 12:00:00'),
('user40', 'user7', '2024-02-02 13:15:00'),
('user41', 'user6', '2024-02-02 14:30:00'),
('user41', 'user8', '2024-02-02 15:45:00'),
('user42', 'user7', '2024-02-02 17:30:00'),
('user42', 'user9', '2024-02-02 19:15:00'),
('user43', 'user8', '2024-02-02 21:45:00'),
('user43', 'user10', '2024-02-03 08:30:00'),
('user44', 'user9', '2024-02-03 10:15:00'),
('user44', 'user11', '2024-02-03 12:00:00'),
('user45', 'user10', '2024-02-03 13:15:00'),
('user45', 'user12', '2024-02-03 14:30:00'),
('user46', 'user11', '2024-02-03 15:45:00'),
('user46', 'user13', '2024-02-03 17:30:00'),
('user47', 'user12', '2024-02-03 19:15:00'),
('user47', 'user14', '2024-02-03 21:45:00'),
('user48', 'user13', '2024-02-04 08:30:00'),
('user48', 'user15', '2024-02-04 10:15:00'),
('user49', 'user14', '2024-02-04 12:00:00'),
('user49', 'user16', '2024-02-04 13:15:00'),
('user50', 'user15', '2024-02-04 14:30:00'),
('user50', 'user17', '2024-02-04 15:45:00'),
('user51', 'user16', '2024-02-04 17:30:00'),
('user51', 'user18', '2024-02-04 19:15:00'),
('user52', 'user17', '2024-02-04 21:45:00'),
('user52', 'user19', '2024-02-05 08:30:00'),
('user53', 'user18', '2024-02-05 10:15:00'),
('user53', 'user20', '2024-02-05 12:00:00'),
('user54', 'user19', '2024-02-05 13:15:00'),
('user54', 'user21', '2024-02-05 14:30:00'),
('user55', 'user20', '2024-02-05 15:45:00'),
('user55', 'user22', '2024-02-05 17:30:00'),
('user56', 'user21', '2024-02-05 19:15:00'),
('user56', 'user23', '2024-02-05 21:45:00'),
('user57', 'user22', '2024-02-06 08:30:00'),
('user57', 'user24', '2024-02-06 10:15:00'),
('user58', 'user23', '2024-02-06 12:00:00'),
('user58', 'user26', '2024-02-06 13:15:00'),
('user59', 'user24', '2024-02-06 14:30:00'),
('user59', 'user28', '2024-02-06 15:45:00'),
('user60', 'user25', '2024-02-06 17:30:00'),
('user60', 'user29', '2024-02-06 19:15:00'),
('user61', 'user26', '2024-02-06 21:45:00'),
('user61', 'user30', '2024-02-07 08:30:00'),
('user62', 'user27', '2024-02-07 10:15:00'),
('user62', 'user31', '2024-02-07 12:00:00'),
('user63', 'user28', '2024-02-07 13:15:00'),
('user63', 'user32', '2024-02-07 14:30:00'),
('user64', 'user29', '2024-02-07 15:45:00'),
('user64', 'user33', '2024-02-07 17:30:00'),
('user65', 'user30', '2024-02-07 19:15:00'),
('user65', 'user34', '2024-02-07 21:45:00'),
('user66', 'user31', '2024-02-08 08:30:00'),
('user66', 'user35', '2024-02-08 10:15:00'),
('user67', 'user32', '2024-02-08 12:00:00'),
('user67', 'user36', '2024-02-08 13:15:00'),
('user68', 'user33', '2024-02-08 14:30:00'),
('user68', 'user37', '2024-02-08 15:45:00'),
('user69', 'user34', '2024-02-08 17:30:00'),
('user69', 'user38', '2024-02-08 19:15:00'),
('user70', 'user35', '2024-02-08 21:45:00'),
('user70', 'user39', '2024-02-09 08:30:00'),
('user71', 'user36', '2024-02-09 10:15:00'),
('user71', 'user40', '2024-02-09 12:00:00'),
('user72', 'user37', '2024-02-09 13:15:00'),
('user72', 'user1', '2024-02-09 14:30:00'),
('user73', 'user38', '2024-02-09 15:45:00'),
('user73', 'user2', '2024-02-09 17:30:00'),
('user74', 'user39', '2024-02-09 19:15:00'),
('user74', 'user3', '2024-02-09 21:45:00'),
('user75', 'user40', '2024-02-10 08:30:00'),
('user75', 'user4', '2024-02-10 10:15:00'),
('user76', 'user41', '2024-02-10 12:00:00'),
('user76', 'user5', '2024-02-10 13:15:00'),
('user77', 'user41', '2024-02-10 14:30:00'),
('user77', 'user6', '2024-02-10 15:45:00'),
('user78', 'user42', '2024-02-10 17:30:00'),
('user78', 'user7', '2024-02-10 19:15:00'),
('user79', 'user42', '2024-02-10 21:45:00'),
('user79', 'user8', '2024-02-11 08:30:00'),
('user80', 'user43', '2024-02-11 10:15:00'),
('user80', 'user9', '2024-02-11 12:00:00'),
('user81', 'user43', '2024-02-11 13:15:00'),
('user81', 'user10', '2024-02-11 14:30:00'),
('user82', 'user44', '2024-02-11 15:45:00'),
('user82', 'user11', '2024-02-11 17:30:00'),
('user83', 'user44', '2024-02-11 19:15:00'),
('user83', 'user12', '2024-02-11 21:45:00'),
('user84', 'user45', '2024-02-12 08:30:00'),
('user84', 'user13', '2024-02-12 10:15:00'),
('user85', 'user45', '2024-02-12 12:00:00'),
('user85', 'user14', '2024-02-12 13:15:00'),
('user86', 'user46', '2024-02-12 14:30:00'),
('user86', 'user15', '2024-02-12 15:45:00'),
('user87', 'user46', '2024-02-12 17:30:00'),
('user87', 'user16', '2024-02-12 19:15:00'),
('user88', 'user47', '2024-02-12 21:45:00'),
('user88', 'user17', '2024-02-13 08:30:00'),
('user89', 'user47', '2024-02-13 10:15:00'),
('user89', 'user18', '2024-02-13 12:00:00'),
('user90', 'user48', '2024-02-13 13:15:00'),
('user90', 'user19', '2024-02-13 14:30:00'),
('user91', 'user48', '2024-02-13 15:45:00'),
('user91', 'user20', '2024-02-13 17:30:00'),
('user92', 'user49', '2024-02-13 19:15:00'),
('user92', 'user21', '2024-02-13 21:45:00'),
('user93', 'user49', '2024-02-14 08:30:00'),
('user93', 'user22', '2024-02-14 10:15:00'),
('user94', 'user50', '2024-02-14 12:00:00'),
('user94', 'user23', '2024-02-14 13:15:00'),
('user95', 'user50', '2024-02-14 14:30:00'),
('user95', 'user24', '2024-02-14 15:45:00'),
('user96', 'user51', '2024-02-14 17:30:00'),
('user96', 'user25', '2024-02-14 19:15:00'),
('user97', 'user51', '2024-02-14 21:45:00'),
('user97', 'user26', '2024-02-15 08:30:00'),
('user98', 'user52', '2024-02-15 10:15:00'),
('user98', 'user27', '2024-02-15 12:00:00'),
('user99', 'user52', '2024-02-15 13:15:00'),
('user99', 'user28', '2024-02-15 14:30:00'),
('user100', 'user53', '2024-02-15 15:45:00'),
('user100', 'user29', '2024-02-15 17:30:00');


INSERT INTO BlackList (blockerID, blockedID, blockTime)
VALUES
('user1', 'user5', '2024-02-16 08:30:00'),
('user1', 'user8', '2024-02-16 10:15:00'),
('user2', 'user12', '2024-02-16 12:00:00'),
('user2', 'user15', '2024-02-16 13:15:00'),
('user3', 'user21', '2024-02-16 14:30:00'),
('user3', 'user25', '2024-02-16 15:45:00'),
('user4', 'user32', '2024-02-16 17:30:00'),
('user4', 'user36', '2024-02-16 19:15:00'),
('user5', 'user41', '2024-02-16 21:45:00'),
('user5', 'user45', '2024-02-17 08:30:00'),
('user6', 'user50', '2024-02-17 10:15:00'),
('user6', 'user53', '2024-02-17 12:00:00'),
('user7', 'user60', '2024-02-17 13:15:00'),
('user7', 'user65', '2024-02-17 14:30:00'),
('user8', 'user71', '2024-02-17 15:45:00'),
('user8', 'user75', '2024-02-17 17:30:00'),
('user9', 'user81', '2024-02-17 19:15:00'),
('user9', 'user85', '2024-02-17 21:45:00'),
('user10', 'user92', '2024-02-18 08:30:00'),
('user10', 'user96', '2024-02-18 10:15:00'),
('user11', 'user2', '2024-02-18 12:00:00'),
('user11', 'user7', '2024-02-18 13:15:00'),
('user12', 'user13', '2024-02-18 14:30:00'),
('user12', 'user18', '2024-02-18 15:45:00'),
('user13', 'user24', '2024-02-18 17:30:00'),
('user13', 'user29', '2024-02-18 19:15:00'),
('user14', 'user34', '2024-02-18 21:45:00'),
('user14', 'user38', '2024-02-19 08:30:00'),
('user15', 'user42', '2024-02-19 10:15:00'),
('user15', 'user47', '2024-02-19 12:00:00'),
('user16', 'user51', '2024-02-19 13:15:00'),
('user16', 'user55', '2024-02-19 14:30:00'),
('user17', 'user62', '2024-02-19 15:45:00'),
('user17', 'user65', '2024-02-19 17:30:00'),
('user18', 'user70', '2024-02-19 19:15:00'),
('user18', 'user73', '2024-02-19 21:45:00'),
('user19', 'user80', '2024-02-20 08:30:00'),
('user19', 'user84', '2024-02-20 10:15:00'),
('user20', 'user89', '2024-02-20 12:00:00'),
('user20', 'user93', '2024-02-20 13:15:00'),
('user21', 'user98', '2024-02-20 14:30:00'),
('user21', 'user100', '2024-02-20 15:45:00'),
('user22', 'user4', '2024-02-20 17:30:00'),
('user22', 'user8', '2024-02-20 19:15:00'),
('user23', 'user16', '2024-02-20 21:45:00'),
('user23', 'user19', '2024-02-21 08:30:00'),
('user24', 'user25', '2024-02-21 10:15:00'),
('user24', 'user30', '2024-02-21 12:00:00'),
('user25', 'user37', '2024-02-21 13:15:00'),
('user25', 'user40', '2024-02-21 14:30:00'),
('user26', 'user48', '2024-02-21 15:45:00'),
('user26', 'user51', '2024-02-21 17:30:00'),
('user27', 'user59', '2024-02-21 19:15:00'),
('user27', 'user63', '2024-02-21 21:45:00'),
('user28', 'user69', '2024-02-22 08:30:00'),
('user28', 'user74', '2024-02-22 10:15:00'),
('user29', 'user79', '2024-02-22 12:00:00'),
('user29', 'user83', '2024-02-22 13:15:00'),
('user30', 'user88', '2024-02-22 14:30:00'),
('user30', 'user91', '2024-02-22 15:45:00'),
('user31', 'user96', '2024-02-22 17:30:00'),
('user31', 'user100', '2024-02-22 19:15:00'),
('user32', 'user5', '2024-02-22 21:45:00'),
('user32', 'user9', '2024-02-23 08:30:00'),
('user33', 'user17', '2024-02-23 10:15:00'),
('user33', 'user21', '2024-02-23 12:00:00'),
('user34', 'user26', '2024-02-23 13:15:00'),
('user34', 'user30', '2024-02-23 14:30:00'),
('user35', 'user37', '2024-02-23 15:45:00'),
('user35', 'user42', '2024-02-23 17:30:00'),
('user36', 'user48', '2024-02-23 19:15:00'),
('user36', 'user52', '2024-02-23 21:45:00'),
('user37', 'user57', '2024-02-24 08:30:00'),
('user37', 'user60', '2024-02-24 10:15:00'),
('user38', 'user66', '2024-02-24 12:00:00'),
('user38', 'user70', '2024-02-24 13:15:00'),
('user39', 'user75', '2024-02-24 14:30:00'),
('user39', 'user78', '2024-02-24 15:45:00'),
('user40', 'user85', '2024-02-24 17:30:00'),
('user40', 'user88', '2024-02-24 19:15:00'),
('user41', 'user93', '2024-02-24 21:45:00'),
('user41', 'user97', '2024-02-25 08:30:00'),
('user42', 'user2', '2024-02-25 10:15:00'),
('user42', 'user6', '2024-02-25 12:00:00'),
('user43', 'user12', '2024-02-25 13:15:00'),
('user43', 'user15', '2024-02-25 14:30:00'),
('user44', 'user22', '2024-02-25 15:45:00'),
('user44', 'user25', '2024-02-25 17:30:00'),
('user45', 'user31', '2024-02-25 19:15:00'),
('user45', 'user35', '2024-02-25 21:45:00'),
('user46', 'user40', '2024-02-26 08:30:00'),
('user46', 'user45', '2024-02-26 10:15:00'),
('user47', 'user50', '2024-02-26 12:00:00'),
('user47', 'user54', '2024-02-26 13:15:00'),
('user48', 'user61', '2024-02-26 14:30:00'),
('user48', 'user64', '2024-02-26 15:45:00'),
('user49', 'user70', '2024-02-26 17:30:00'),
('user49', 'user73', '2024-02-26 19:15:00'),
('user50', 'user78', '2024-02-26 21:45:00'),
('user50', 'user81', '2024-02-27 08:30:00'),
('user51', 'user87', '2024-02-27 10:15:00'),
('user51', 'user90', '2024-02-27 12:00:00'),
('user52', 'user95', '2024-02-27 13:15:00'),
('user52', 'user98', '2024-02-27 14:30:00'),
('user53', 'user3', '2024-02-27 15:45:00'),
('user53', 'user7', '2024-02-27 17:30:00'),
('user54', 'user13', '2024-02-27 19:15:00'),
('user54', 'user17', '2024-02-27 21:45:00'),
('user55', 'user22', '2024-02-28 08:30:00'),
('user55', 'user25', '2024-02-28 10:15:00'),
('user56', 'user32', '2024-02-28 12:00:00'),
('user56', 'user36', '2024-02-28 13:15:00'),
('user57', 'user41', '2024-02-28 14:30:00'),
('user57', 'user45', '2024-02-28 15:45:00'),
('user58', 'user50', '2024-02-28 17:30:00'),
('user58', 'user53', '2024-02-28 19:15:00'),
('user59', 'user60', '2024-02-28 21:45:00'),
('user59', 'user65', '2024-02-29 08:30:00'),
('user60', 'user72', '2024-02-29 10:15:00'),
('user60', 'user75', '2024-02-29 12:00:00'),
('user61', 'user82', '2024-02-29 13:15:00'),
('user61', 'user85', '2024-02-29 14:30:00');


